source_id,source_url,source_name,fetch_date,local_path,sha256,document_title,notes
sbe-vrar-2010-01,https://results.elections.maryland.gov/pdf/vrar/MSR-2010_01.pdf,Maryland State Board of Elections,2026-06-24T15:17:53+00:00,/Users/dpwillis/code/skipjack/archives/sbe/voter_registration/monthly/MSR-2010_01.pdf,d87040e2c3b65727be1430910897c3f04448123d831fc066a0aa082162149982,Voter Registration Activity Report - 2010-01,
sbe-vrar-2024-01,https://results.elections.maryland.gov/pdf/vrar/2024/MSR-2024_01.pdf,Maryland State Board of Elections,2026-06-24T15:19:13+00:00,/Users/dpwillis/code/skipjack/archives/sbe/voter_registration/monthly/MSR-2024_01.pdf,279ca34c4c794323358e10eb181e4c4e67cd54d4a3c04702f1200ca3c4b9ad56,Voter Registration Activity Report - 2024-01,
sbe-vrar-2010-02,https://results.elections.maryland.gov/pdf/vrar/MSR-2010_02.pdf,Maryland State Board of Elections,2026-06-24T15:44:39+00:00,/Users/dpwillis/code/skipjack/archives/sbe/voter_registration/monthly/MSR-2010_02.pdf,c898237f19bb053d81f1a3f187773feb4f7bf26c505568f1e38be2904b9c44c7,Voter Registration Activity Report - 2010-02,
sbe-vrar-2010-03,https://results.elections.maryland.gov/pdf/vrar/MSR-2010_03.pdf,Maryland State Board of Elections,2026-06-24T15:44:39+00:00,/Users/dpwillis/code/skipjack/archives/sbe/voter_registration/monthly/MSR-2010_03.pdf,52f51ff7dd17d6541c3a2452be81ee3ed3cce0048926a720e49bdd3e51def5f6,Voter Registration Activity Report - 2010-03,
sbe-vrar-2010-04,https://results.elections.maryland.gov/pdf/vrar/MSR-2010_04.pdf,Maryland State Board of Elections,2026-06-24T15:44:39+00:00,/Users/dpwillis/code/skipjack/archives/sbe/voter_registration/monthly/MSR-2010_04.pdf,7ed68a24b13cc32846f886ede82c49d1b24e4ad79486f06b007ba1ede7178ea2,Voter Registration Activity Report - 2010-04,
sbe-vrar-2010-05,https://results.elections.maryland.gov/pdf/vrar/MSR-2010_05.pdf,Maryland State Board of Elections,2026-06-24T15:44:39+00:00,/Users/dpwillis/code/skipjack/archives/sbe/voter_registration/monthly/MSR-2010_05.pdf,4debdbf5821300798f05fef56d39e1cbe432a185906c6374abba9c062dbf8c4b,Voter Registration Activity Report - 2010-05,
sbe-vrar-2010-06,https://results.elections.maryland.gov/pdf/vrar/MSR-2010_06.pdf,Maryland State Board of Elections,2026-06-24T15:44:39+00:00,/Users/dpwillis/code/skipjack/archives/sbe/voter_registration/monthly/MSR-2010_06.pdf,905c67636ee8b241e8ec034ab5ace1e16bcb7ebdb1a33fbbcfd2a414bbcc5c8f,Voter Registration Activity Report - 2010-06,
sbe-vrar-2010-07,https://results.elections.maryland.gov/pdf/vrar/MSR-2010_07.pdf,Maryland State Board of Elections,2026-06-24T15:44:39+00:00,/Users/dpwillis/code/skipjack/archives/sbe/voter_registration/monthly/MSR-2010_07.pdf,481cfe2f9d3e6b7a20c1101f943853f310decfa2b047885a9881b537ed5c2fcb,Voter Registration Activity Report - 2010-07,
sbe-vrar-2010-08,https://results.elections.maryland.gov/pdf/vrar/MSR-2010_08.pdf,Maryland State Board of Elections,2026-06-24T15:44:39+00:00,/Users/dpwillis/code/skipjack/archives/sbe/voter_registration/monthly/MSR-2010_08.pdf,c2eb2705fe8c665871e780eeacc6da7983a01c795f4db5eb0f3e5081ebb7af89,Voter Registration Activity Report - 2010-08,
sbe-vrar-2010-09,https://results.elections.maryland.gov/pdf/vrar/MSR-2010_09.pdf,Maryland State Board of Elections,2026-06-24T15:44:39+00:00,/Users/dpwillis/code/skipjack/archives/sbe/voter_registration/monthly/MSR-2010_09.pdf,ff4b1c26ab82ab82c072b40d7e03c01920a691c69be56a3ebe00ab7132ab1730,Voter Registration Activity Report - 2010-09,
sbe-vrar-2010-10,https://results.elections.maryland.gov/pdf/vrar/MSR-2010_10.pdf,Maryland State Board of Elections,2026-06-24T15:44:39+00:00,/Users/dpwillis/code/skipjack/archives/sbe/voter_registration/monthly/MSR-2010_10.pdf,f6605110ac64e10a13645676841efa74c608ab142aec78c38b060ff883cde624,Voter Registration Activity Report - 2010-10,
sbe-vrar-2010-11,https://results.elections.maryland.gov/pdf/vrar/MSR-2010_11.pdf,Maryland State Board of Elections,2026-06-24T15:44:40+00:00,/Users/dpwillis/code/skipjack/archives/sbe/voter_registration/monthly/MSR-2010_11.pdf,94e320260db2deb02e029e3b2e379ac36bd119530237094b4f6e356d24c8e497,Voter Registration Activity Report - 2010-11,
sbe-vrar-2010-12,https://results.elections.maryland.gov/pdf/vrar/MSR-2010_12.pdf,Maryland State Board of Elections,2026-06-24T15:44:40+00:00,/Users/dpwillis/code/skipjack/archives/sbe/voter_registration/monthly/MSR-2010_12.pdf,af2d17bc77392e9bddd9e019c0cfcb70abfcb187064427ce422e0b6932eff14f,Voter Registration Activity Report - 2010-12,
sbe-vrar-2011-01,https://results.elections.maryland.gov/pdf/vrar/MSR-2011_01.pdf,Maryland State Board of Elections,2026-06-24T15:44:40+00:00,/Users/dpwillis/code/skipjack/archives/sbe/voter_registration/monthly/MSR-2011_01.pdf,c53a4dbb556fa12fa6f4f15934b3d59926a5a5b85b54b2856c3f448ea1bf023e,Voter Registration Activity Report - 2011-01,
sbe-vrar-2011-02,https://results.elections.maryland.gov/pdf/vrar/MSR-2011_02.pdf,Maryland State Board of Elections,2026-06-24T15:44:40+00:00,/Users/dpwillis/code/skipjack/archives/sbe/voter_registration/monthly/MSR-2011_02.pdf,bbd8a6aa7246a179090afd0ebc61b005b8327081cc02f6db3f4a6903ece12d59,Voter Registration Activity Report - 2011-02,
sbe-vrar-2011-03,https://results.elections.maryland.gov/pdf/vrar/MSR-2011_03.pdf,Maryland State Board of Elections,2026-06-24T15:44:40+00:00,/Users/dpwillis/code/skipjack/archives/sbe/voter_registration/monthly/MSR-2011_03.pdf,f658d33c761c375fbc81ef1ff4456fd3d745e68ef4c3ff6e7def760bb309c096,Voter Registration Activity Report - 2011-03,
sbe-vrar-2011-04,https://results.elections.maryland.gov/pdf/vrar/MSR-2011_04.pdf,Maryland State Board of Elections,2026-06-24T15:44:40+00:00,/Users/dpwillis/code/skipjack/archives/sbe/voter_registration/monthly/MSR-2011_04.pdf,72921eab2569a85d656db8b7fe1e85618fa60db338607cc94fd8a4b28440c531,Voter Registration Activity Report - 2011-04,
sbe-vrar-2011-05,https://results.elections.maryland.gov/pdf/vrar/MSR-2011_05.pdf,Maryland State Board of Elections,2026-06-24T15:44:41+00:00,/Users/dpwillis/code/skipjack/archives/sbe/voter_registration/monthly/MSR-2011_05.pdf,42608943a8bd03310b19ac6a617a478274fe7ede98e8d2a30e2d3eabb12ef6e6,Voter Registration Activity Report - 2011-05,
sbe-vrar-2011-06,https://results.elections.maryland.gov/pdf/vrar/MSR-2011_06.pdf,Maryland State Board of Elections,2026-06-24T15:44:41+00:00,/Users/dpwillis/code/skipjack/archives/sbe/voter_registration/monthly/MSR-2011_06.pdf,166fbb98babc46903dd45bb2bc5c6d73ce983c5cc2ac10e56aebe9874a870c82,Voter Registration Activity Report - 2011-06,
sbe-vrar-2011-07,https://results.elections.maryland.gov/pdf/vrar/MSR-2011_07.pdf,Maryland State Board of Elections,2026-06-24T15:44:41+00:00,/Users/dpwillis/code/skipjack/archives/sbe/voter_registration/monthly/MSR-2011_07.pdf,f93a49b5c0604bbb8889ad6230054a92b6bb187d3e4bfa83a8a05eeb08c01878,Voter Registration Activity Report - 2011-07,
sbe-vrar-2011-08,https://results.elections.maryland.gov/pdf/vrar/MSR-2011_08.pdf,Maryland State Board of Elections,2026-06-24T15:44:41+00:00,/Users/dpwillis/code/skipjack/archives/sbe/voter_registration/monthly/MSR-2011_08.pdf,c44aeb7b6bf6b7302cf6a3a4df3201bb37ed9ea56da41dc06b7fde356253c2ca,Voter Registration Activity Report - 2011-08,
sbe-vrar-2011-09,https://results.elections.maryland.gov/pdf/vrar/MSR-2011_09.pdf,Maryland State Board of Elections,2026-06-24T15:44:41+00:00,/Users/dpwillis/code/skipjack/archives/sbe/voter_registration/monthly/MSR-2011_09.pdf,82212b25b24cef783f532941ec0b15dedcd2c1e45054e7fc9b5ce18029bbf337,Voter Registration Activity Report - 2011-09,
sbe-vrar-2011-10,https://results.elections.maryland.gov/pdf/vrar/MSR-2011_10.pdf,Maryland State Board of Elections,2026-06-24T15:44:41+00:00,/Users/dpwillis/code/skipjack/archives/sbe/voter_registration/monthly/MSR-2011_10.pdf,b0f775850cc3544ccefe1dc290967387c37d33d7c3bb14457c386e2a465d318c,Voter Registration Activity Report - 2011-10,
sbe-vrar-2011-11,https://results.elections.maryland.gov/pdf/vrar/MSR-2011_11.pdf,Maryland State Board of Elections,2026-06-24T15:44:41+00:00,/Users/dpwillis/code/skipjack/archives/sbe/voter_registration/monthly/MSR-2011_11.pdf,7209c985a1a7d5cf4c6e461c7f3cce402b094606c3bc2d8a399cdbc55b818a8f,Voter Registration Activity Report - 2011-11,
sbe-vrar-2011-12,https://results.elections.maryland.gov/pdf/vrar/MSR-2011_12.pdf,Maryland State Board of Elections,2026-06-24T15:44:42+00:00,/Users/dpwillis/code/skipjack/archives/sbe/voter_registration/monthly/MSR-2011_12.pdf,c75b4d908e45de112757f6b2aa7b26f08ec2841c7839780d30142c68446d34d2,Voter Registration Activity Report - 2011-12,
sbe-vrar-2012-01,https://results.elections.maryland.gov/pdf/vrar/MSR-2012_01.pdf,Maryland State Board of Elections,2026-06-24T15:44:42+00:00,/Users/dpwillis/code/skipjack/archives/sbe/voter_registration/monthly/MSR-2012_01.pdf,3e30117a993409ac8eb71d804f486e67938c3dbe1c72857048758ba364125115,Voter Registration Activity Report - 2012-01,
sbe-vrar-2012-02,https://results.elections.maryland.gov/pdf/vrar/MSR-2012_02.pdf,Maryland State Board of Elections,2026-06-24T15:44:42+00:00,/Users/dpwillis/code/skipjack/archives/sbe/voter_registration/monthly/MSR-2012_02.pdf,3437234a9897619cdfb959ab08489f3b056b1144161b319740f91fa159c075f1,Voter Registration Activity Report - 2012-02,
sbe-vrar-2012-03,https://results.elections.maryland.gov/pdf/vrar/MSR-2012_03.pdf,Maryland State Board of Elections,2026-06-24T15:44:42+00:00,/Users/dpwillis/code/skipjack/archives/sbe/voter_registration/monthly/MSR-2012_03.pdf,8ed8c21d4091bf1714a1b3c426cb6333204ba231e7f7b9f64509f3646b848a64,Voter Registration Activity Report - 2012-03,
sbe-vrar-2012-04,https://results.elections.maryland.gov/pdf/vrar/MSR-2012_04.pdf,Maryland State Board of Elections,2026-06-24T15:44:42+00:00,/Users/dpwillis/code/skipjack/archives/sbe/voter_registration/monthly/MSR-2012_04.pdf,5c530cfa7bfab6aa8418244399a737ff84454df2de1fa231f79077f09a3d29ec,Voter Registration Activity Report - 2012-04,
sbe-vrar-2012-05,https://results.elections.maryland.gov/pdf/vrar/MSR-2012_05.pdf,Maryland State Board of Elections,2026-06-24T15:44:42+00:00,/Users/dpwillis/code/skipjack/archives/sbe/voter_registration/monthly/MSR-2012_05.pdf,876617ff0e17301a301e5409bb369e126ff1f9f28ac484c98c941cc028fef2bb,Voter Registration Activity Report - 2012-05,
sbe-vrar-2012-06,https://results.elections.maryland.gov/pdf/vrar/MSR-2012_06.pdf,Maryland State Board of Elections,2026-06-24T15:44:42+00:00,/Users/dpwillis/code/skipjack/archives/sbe/voter_registration/monthly/MSR-2012_06.pdf,281760e17957c680e84ad024d595a8e85a21a36c16f6af212733a915b2574aaf,Voter Registration Activity Report - 2012-06,
sbe-vrar-2012-07,https://results.elections.maryland.gov/pdf/vrar/MSR-2012_07.pdf,Maryland State Board of Elections,2026-06-24T15:44:42+00:00,/Users/dpwillis/code/skipjack/archives/sbe/voter_registration/monthly/MSR-2012_07.pdf,4f471111026abb86ee4770002d2a13626df6e65b92205334c09d8e058ec9c80a,Voter Registration Activity Report - 2012-07,
sbe-vrar-2012-08,https://results.elections.maryland.gov/pdf/vrar/MSR-2012_08.pdf,Maryland State Board of Elections,2026-06-24T15:44:43+00:00,/Users/dpwillis/code/skipjack/archives/sbe/voter_registration/monthly/MSR-2012_08.pdf,022a34294713f19822e425464d98859447a5bba191f7f1132f646e500a65b625,Voter Registration Activity Report - 2012-08,
sbe-vrar-2012-09,https://results.elections.maryland.gov/pdf/vrar/MSR-2012_09.pdf,Maryland State Board of Elections,2026-06-24T15:44:43+00:00,/Users/dpwillis/code/skipjack/archives/sbe/voter_registration/monthly/MSR-2012_09.pdf,eec08d47930a7d266771775e6cda60f5e7d06dba98513e936b66fa15abc62ecd,Voter Registration Activity Report - 2012-09,
sbe-vrar-2012-10,https://results.elections.maryland.gov/pdf/vrar/MSR-2012_10.pdf,Maryland State Board of Elections,2026-06-24T15:44:43+00:00,/Users/dpwillis/code/skipjack/archives/sbe/voter_registration/monthly/MSR-2012_10.pdf,fdbc2bc9cab870db7db37c9a1947aade6fa182056b376866fa525a1a7e67f86f,Voter Registration Activity Report - 2012-10,
sbe-vrar-2012-11,https://results.elections.maryland.gov/pdf/vrar/MSR-2012_11.pdf,Maryland State Board of Elections,2026-06-24T15:44:43+00:00,/Users/dpwillis/code/skipjack/archives/sbe/voter_registration/monthly/MSR-2012_11.pdf,4c7626aa22f7ac705bf4e059db45affd05299f8cb946db88705c7d130aa6a38f,Voter Registration Activity Report - 2012-11,
sbe-vrar-2012-12,https://results.elections.maryland.gov/pdf/vrar/MSR-2012_12.pdf,Maryland State Board of Elections,2026-06-24T15:44:43+00:00,/Users/dpwillis/code/skipjack/archives/sbe/voter_registration/monthly/MSR-2012_12.pdf,871c4e85d266229a4b4dc553b9bc98912da45403186eaa38ff6863a0c04bf269,Voter Registration Activity Report - 2012-12,
sbe-vrar-2013-01,https://results.elections.maryland.gov/pdf/vrar/MSR-2013_01.pdf,Maryland State Board of Elections,2026-06-24T15:44:43+00:00,/Users/dpwillis/code/skipjack/archives/sbe/voter_registration/monthly/MSR-2013_01.pdf,b9e398421b7130f3cc249fcbd35e30d82f98474dd8f81676424f806a18b8351e,Voter Registration Activity Report - 2013-01,
sbe-vrar-2013-02,https://results.elections.maryland.gov/pdf/vrar/MSR-2013_02.pdf,Maryland State Board of Elections,2026-06-24T15:44:43+00:00,/Users/dpwillis/code/skipjack/archives/sbe/voter_registration/monthly/MSR-2013_02.pdf,925497bd7644b842673cf057acffa7df4e512c85da25642433588d3eb08ea1f3,Voter Registration Activity Report - 2013-02,
sbe-vrar-2013-03,https://results.elections.maryland.gov/pdf/vrar/MSR-2013_03.pdf,Maryland State Board of Elections,2026-06-24T15:44:43+00:00,/Users/dpwillis/code/skipjack/archives/sbe/voter_registration/monthly/MSR-2013_03.pdf,b244a210527ed094d62e7c42fe8d3d4a55e829da0846ef165bc1a1d19a2ece15,Voter Registration Activity Report - 2013-03,
sbe-vrar-2013-04,https://results.elections.maryland.gov/pdf/vrar/MSR-2013_04.pdf,Maryland State Board of Elections,2026-06-24T15:44:43+00:00,/Users/dpwillis/code/skipjack/archives/sbe/voter_registration/monthly/MSR-2013_04.pdf,b58f4fc8cfea98e447c0a7682406072a63eabdfc0c9386ca5fe329848972be79,Voter Registration Activity Report - 2013-04,
sbe-vrar-2013-05,https://results.elections.maryland.gov/pdf/vrar/MSR-2013_05.pdf,Maryland State Board of Elections,2026-06-24T15:44:44+00:00,/Users/dpwillis/code/skipjack/archives/sbe/voter_registration/monthly/MSR-2013_05.pdf,4c2a09952faa7f04c3f8719e1153bfd482086f845037fc8ab9aaec9c9e20e9f3,Voter Registration Activity Report - 2013-05,
sbe-vrar-2013-06,https://results.elections.maryland.gov/pdf/vrar/MSR-2013_06.pdf,Maryland State Board of Elections,2026-06-24T15:44:44+00:00,/Users/dpwillis/code/skipjack/archives/sbe/voter_registration/monthly/MSR-2013_06.pdf,900288154a5f6d3c2923d80037a61119713d242ae3884d94f5a388913818725a,Voter Registration Activity Report - 2013-06,
sbe-vrar-2013-07,https://results.elections.maryland.gov/pdf/vrar/MSR-2013_07.pdf,Maryland State Board of Elections,2026-06-24T15:44:44+00:00,/Users/dpwillis/code/skipjack/archives/sbe/voter_registration/monthly/MSR-2013_07.pdf,2f16190e2474906a0357e8592e50e26a62ac58b1b426c670fe0a41179ade7d7a,Voter Registration Activity Report - 2013-07,
sbe-vrar-2013-08,https://results.elections.maryland.gov/pdf/vrar/MSR-2013_08.pdf,Maryland State Board of Elections,2026-06-24T15:44:44+00:00,/Users/dpwillis/code/skipjack/archives/sbe/voter_registration/monthly/MSR-2013_08.pdf,7ac2ef3f48707301c7600476b687f9cfb354b04626ef77267d62336c50cd8c2e,Voter Registration Activity Report - 2013-08,
sbe-vrar-2013-09,https://results.elections.maryland.gov/pdf/vrar/MSR-2013_09.pdf,Maryland State Board of Elections,2026-06-24T15:44:44+00:00,/Users/dpwillis/code/skipjack/archives/sbe/voter_registration/monthly/MSR-2013_09.pdf,e0083d55ef80efda04373db2f56308a2083201adea935a33ebf3cb3d4287f1d3,Voter Registration Activity Report - 2013-09,
sbe-vrar-2013-10,https://results.elections.maryland.gov/pdf/vrar/MSR-2013_10.pdf,Maryland State Board of Elections,2026-06-24T15:44:44+00:00,/Users/dpwillis/code/skipjack/archives/sbe/voter_registration/monthly/MSR-2013_10.pdf,a3cd550bad7a8fbb2778bd5d41be79dffc50bf7524e58e55045061ef48ba9cf6,Voter Registration Activity Report - 2013-10,
sbe-vrar-2013-11,https://results.elections.maryland.gov/pdf/vrar/MSR-2013_11.pdf,Maryland State Board of Elections,2026-06-24T15:44:44+00:00,/Users/dpwillis/code/skipjack/archives/sbe/voter_registration/monthly/MSR-2013_11.pdf,602a06e4def8a3c8f9715711ddd282d4f00f3653d702c8a754240bde22f4bc35,Voter Registration Activity Report - 2013-11,
sbe-vrar-2013-12,https://results.elections.maryland.gov/pdf/vrar/MSR-2013_12.pdf,Maryland State Board of Elections,2026-06-24T15:44:44+00:00,/Users/dpwillis/code/skipjack/archives/sbe/voter_registration/monthly/MSR-2013_12.pdf,d11c3a5552d6f28d4988e7e90c95d7e3296fa521a44be66d112b63622e1e45ca,Voter Registration Activity Report - 2013-12,
sbe-vrar-2014-01,https://results.elections.maryland.gov/pdf/vrar/MSR-2014_01.pdf,Maryland State Board of Elections,2026-06-24T15:44:44+00:00,/Users/dpwillis/code/skipjack/archives/sbe/voter_registration/monthly/MSR-2014_01.pdf,60bedba644626b752ea6cbf75febf42961705328af6fcf1191150d28282c3438,Voter Registration Activity Report - 2014-01,
sbe-vrar-2014-02,https://results.elections.maryland.gov/pdf/vrar/MSR-2014_02.pdf,Maryland State Board of Elections,2026-06-24T15:44:45+00:00,/Users/dpwillis/code/skipjack/archives/sbe/voter_registration/monthly/MSR-2014_02.pdf,75d49d72b8bca27c7875f02fbd43004afbfa40b3e381d5e75f14d8fe9b212107,Voter Registration Activity Report - 2014-02,
sbe-vrar-2014-03,https://results.elections.maryland.gov/pdf/vrar/MSR-2014_03.pdf,Maryland State Board of Elections,2026-06-24T15:44:45+00:00,/Users/dpwillis/code/skipjack/archives/sbe/voter_registration/monthly/MSR-2014_03.pdf,51eaf3825efdf57e560694a996b25d8108dee1052da19dd5c1344c3c77b310ba,Voter Registration Activity Report - 2014-03,
sbe-vrar-2014-04,https://results.elections.maryland.gov/pdf/vrar/MSR-2014_04.pdf,Maryland State Board of Elections,2026-06-24T15:44:45+00:00,/Users/dpwillis/code/skipjack/archives/sbe/voter_registration/monthly/MSR-2014_04.pdf,2c672f0e538b4512639be1ed31561895d599ac7c18a6e056646d604dea805a40,Voter Registration Activity Report - 2014-04,
sbe-vrar-2014-05,https://results.elections.maryland.gov/pdf/vrar/MSR-2014_05.pdf,Maryland State Board of Elections,2026-06-24T15:44:45+00:00,/Users/dpwillis/code/skipjack/archives/sbe/voter_registration/monthly/MSR-2014_05.pdf,38d113d3660b654f27ab5d4af577b8b17050e4c9c5ef26872cc0312d40b0a222,Voter Registration Activity Report - 2014-05,
sbe-vrar-2014-06,https://results.elections.maryland.gov/pdf/vrar/MSR-2014_06.pdf,Maryland State Board of Elections,2026-06-24T15:44:45+00:00,/Users/dpwillis/code/skipjack/archives/sbe/voter_registration/monthly/MSR-2014_06.pdf,b1032fd6cfe39b258886b73022ce3d8254b3921e59b3ac28c894860d198fd9ba,Voter Registration Activity Report - 2014-06,
sbe-vrar-2014-07,https://results.elections.maryland.gov/pdf/vrar/MSR-2014_07.pdf,Maryland State Board of Elections,2026-06-24T15:44:45+00:00,/Users/dpwillis/code/skipjack/archives/sbe/voter_registration/monthly/MSR-2014_07.pdf,20c37a7e24830702c557c8e198dd24683a7d26d9fc12fab89378dd0f7d4c1a3f,Voter Registration Activity Report - 2014-07,
sbe-vrar-2014-08,https://results.elections.maryland.gov/pdf/vrar/MSR-2014_08.pdf,Maryland State Board of Elections,2026-06-24T15:44:45+00:00,/Users/dpwillis/code/skipjack/archives/sbe/voter_registration/monthly/MSR-2014_08.pdf,7e29bfe1589c2b8e131523c01adf2faceeab4646a1daf9c18757cf3e328a728c,Voter Registration Activity Report - 2014-08,
sbe-vrar-2014-09,https://results.elections.maryland.gov/pdf/vrar/MSR-2014_09.pdf,Maryland State Board of Elections,2026-06-24T15:44:46+00:00,/Users/dpwillis/code/skipjack/archives/sbe/voter_registration/monthly/MSR-2014_09.pdf,61ddeb63a4a0a8892276d41d48bd379c64423a0090d632c49c65ac8a45e0d213,Voter Registration Activity Report - 2014-09,
sbe-vrar-2014-10,https://results.elections.maryland.gov/pdf/vrar/MSR-2014_10.pdf,Maryland State Board of Elections,2026-06-24T15:44:46+00:00,/Users/dpwillis/code/skipjack/archives/sbe/voter_registration/monthly/MSR-2014_10.pdf,b2cdee011836ea4d716d9f3facd347c94eaabd3ca3749a50e3542401b9b0b971,Voter Registration Activity Report - 2014-10,
sbe-vrar-2014-11,https://results.elections.maryland.gov/pdf/vrar/MSR-2014_11.pdf,Maryland State Board of Elections,2026-06-24T15:44:46+00:00,/Users/dpwillis/code/skipjack/archives/sbe/voter_registration/monthly/MSR-2014_11.pdf,b794228f65734b10f7a02ad0e99b0d1e958bcbd6f82aff3ced0216492c2ccd2d,Voter Registration Activity Report - 2014-11,
sbe-vrar-2014-12,https://results.elections.maryland.gov/pdf/vrar/MSR-2014_12.pdf,Maryland State Board of Elections,2026-06-24T15:44:46+00:00,/Users/dpwillis/code/skipjack/archives/sbe/voter_registration/monthly/MSR-2014_12.pdf,06c6eb3177a01616c61282d3ede4609f336953cf9db8a22daf7209e635ab8032,Voter Registration Activity Report - 2014-12,
sbe-vrar-2015-01,https://results.elections.maryland.gov/pdf/vrar/MSR-2015_01.pdf,Maryland State Board of Elections,2026-06-24T15:44:46+00:00,/Users/dpwillis/code/skipjack/archives/sbe/voter_registration/monthly/MSR-2015_01.pdf,b1d0b8263e3e4d7bb1919d0b8ded629f1c9c033a024607128dc5a0c97e2e7ada,Voter Registration Activity Report - 2015-01,
sbe-vrar-2015-02,https://results.elections.maryland.gov/pdf/vrar/MSR-2015_02.pdf,Maryland State Board of Elections,2026-06-24T15:44:46+00:00,/Users/dpwillis/code/skipjack/archives/sbe/voter_registration/monthly/MSR-2015_02.pdf,366962ff494c032f0244d4dfec704cf0e74f1b980e7d9f57c8c18e36f1691f4e,Voter Registration Activity Report - 2015-02,
sbe-vrar-2015-03,https://results.elections.maryland.gov/pdf/vrar/MSR-2015_03.pdf,Maryland State Board of Elections,2026-06-24T15:44:46+00:00,/Users/dpwillis/code/skipjack/archives/sbe/voter_registration/monthly/MSR-2015_03.pdf,e05d478182cab8a8beaf316ec0773a5ccd497ef071b73e558a100fa73b970c28,Voter Registration Activity Report - 2015-03,
sbe-vrar-2015-04,https://results.elections.maryland.gov/pdf/vrar/MSR-2015_04.pdf,Maryland State Board of Elections,2026-06-24T15:44:46+00:00,/Users/dpwillis/code/skipjack/archives/sbe/voter_registration/monthly/MSR-2015_04.pdf,17cc1232aac4a850345a016dae8ae8d027b038b1250a84b516f789a7141fd284,Voter Registration Activity Report - 2015-04,
sbe-vrar-2015-05,https://results.elections.maryland.gov/pdf/vrar/MSR-2015_05.pdf,Maryland State Board of Elections,2026-06-24T15:44:47+00:00,/Users/dpwillis/code/skipjack/archives/sbe/voter_registration/monthly/MSR-2015_05.pdf,02f941dc855346bfdc28bbec2e832209dc8a00a0b49856de96395c894657b577,Voter Registration Activity Report - 2015-05,
sbe-vrar-2015-06,https://results.elections.maryland.gov/pdf/vrar/MSR-2015_06.pdf,Maryland State Board of Elections,2026-06-24T15:44:47+00:00,/Users/dpwillis/code/skipjack/archives/sbe/voter_registration/monthly/MSR-2015_06.pdf,63032b039d9f0b1f0c46044f0cfa96b3868c53fa0cfe07aac2db4919fbe58d3f,Voter Registration Activity Report - 2015-06,
sbe-vrar-2015-07,https://results.elections.maryland.gov/pdf/vrar/MSR-2015_07.pdf,Maryland State Board of Elections,2026-06-24T15:44:47+00:00,/Users/dpwillis/code/skipjack/archives/sbe/voter_registration/monthly/MSR-2015_07.pdf,592923e22bd8ec3b064c0f5e6caabb4facd741bc84e28e3c5648917c6257d4b4,Voter Registration Activity Report - 2015-07,
sbe-vrar-2015-08,https://results.elections.maryland.gov/pdf/vrar/MSR-2015_08.pdf,Maryland State Board of Elections,2026-06-24T15:44:47+00:00,/Users/dpwillis/code/skipjack/archives/sbe/voter_registration/monthly/MSR-2015_08.pdf,acd063151f266a62687eddf558fa26ee662bfcaf092d27c8aac1e9c977b6605b,Voter Registration Activity Report - 2015-08,
sbe-vrar-2015-09,https://results.elections.maryland.gov/pdf/vrar/MSR-2015_09.pdf,Maryland State Board of Elections,2026-06-24T15:44:47+00:00,/Users/dpwillis/code/skipjack/archives/sbe/voter_registration/monthly/MSR-2015_09.pdf,8477f3478a977cb391c108808e1ac9a36b1a86d2771066d3d5f91606009318e2,Voter Registration Activity Report - 2015-09,
sbe-vrar-2015-10,https://results.elections.maryland.gov/pdf/vrar/MSR-2015_10.pdf,Maryland State Board of Elections,2026-06-24T15:44:47+00:00,/Users/dpwillis/code/skipjack/archives/sbe/voter_registration/monthly/MSR-2015_10.pdf,d8dcadd8ad38f884ff095e568384a74e1a3ad0c8f0d4eac5966468f5f204d713,Voter Registration Activity Report - 2015-10,
sbe-vrar-2015-11,https://results.elections.maryland.gov/pdf/vrar/MSR-2015_11.pdf,Maryland State Board of Elections,2026-06-24T15:44:47+00:00,/Users/dpwillis/code/skipjack/archives/sbe/voter_registration/monthly/MSR-2015_11.pdf,583bd78fda1e13a9f0e2465e13d985050b4b9a841abe3d2e0b2601d3af0281e7,Voter Registration Activity Report - 2015-11,
sbe-vrar-2015-12,https://results.elections.maryland.gov/pdf/vrar/MSR-2015_12.pdf,Maryland State Board of Elections,2026-06-24T15:44:47+00:00,/Users/dpwillis/code/skipjack/archives/sbe/voter_registration/monthly/MSR-2015_12.pdf,7c63556d9ee1b3c3172a1114efbb27a616c5221ec58bd3f25b5d5788df85306e,Voter Registration Activity Report - 2015-12,
sbe-vrar-2016-01,https://results.elections.maryland.gov/pdf/vrar/2016/MSR-2016_01.pdf,Maryland State Board of Elections,2026-06-24T15:44:48+00:00,/Users/dpwillis/code/skipjack/archives/sbe/voter_registration/monthly/MSR-2016_01.pdf,64380a70645e39ca20436858bc18c28405db1f716089758ae410e81265a1220c,Voter Registration Activity Report - 2016-01,
sbe-vrar-2016-02,https://results.elections.maryland.gov/pdf/vrar/2016/MSR-2016_02.pdf,Maryland State Board of Elections,2026-06-24T15:44:48+00:00,/Users/dpwillis/code/skipjack/archives/sbe/voter_registration/monthly/MSR-2016_02.pdf,86b8d3353b144a6f0a95cf3baca6469383722167c53219b1cd5941839ba28834,Voter Registration Activity Report - 2016-02,
sbe-vrar-2016-03,https://results.elections.maryland.gov/pdf/vrar/2016/MSR-2016_03.pdf,Maryland State Board of Elections,2026-06-24T15:44:48+00:00,/Users/dpwillis/code/skipjack/archives/sbe/voter_registration/monthly/MSR-2016_03.pdf,fedd07e8181b33fb406093f03626ffee783cb33fe4b6e292d292495440ec9c3a,Voter Registration Activity Report - 2016-03,
sbe-vrar-2016-04,https://results.elections.maryland.gov/pdf/vrar/2016/MSR-2016_04.pdf,Maryland State Board of Elections,2026-06-24T15:44:48+00:00,/Users/dpwillis/code/skipjack/archives/sbe/voter_registration/monthly/MSR-2016_04.pdf,f100d98e95a9fe10850611240b68f6276027293f42cdfbe02d2222bbb95f96b4,Voter Registration Activity Report - 2016-04,
sbe-vrar-2016-05,https://results.elections.maryland.gov/pdf/vrar/2016/MSR-2016_05.pdf,Maryland State Board of Elections,2026-06-24T15:44:48+00:00,/Users/dpwillis/code/skipjack/archives/sbe/voter_registration/monthly/MSR-2016_05.pdf,c1af972231d2c633c6378d2da8287dd0a372141ff53e7539f6637ce44567a2f1,Voter Registration Activity Report - 2016-05,
sbe-vrar-2016-06,https://results.elections.maryland.gov/pdf/vrar/2016/MSR-2016_06.pdf,Maryland State Board of Elections,2026-06-24T15:44:48+00:00,/Users/dpwillis/code/skipjack/archives/sbe/voter_registration/monthly/MSR-2016_06.pdf,254ca5180b11beb04623c1dbec2a68bf850f757fb3ef85a6c691f3afaf642797,Voter Registration Activity Report - 2016-06,
sbe-vrar-2016-07,https://results.elections.maryland.gov/pdf/vrar/2016/MSR-2016_07.pdf,Maryland State Board of Elections,2026-06-24T15:44:48+00:00,/Users/dpwillis/code/skipjack/archives/sbe/voter_registration/monthly/MSR-2016_07.pdf,f64881c61bd25fec1b61a8c4870e26e69a117641bee719ca6a6089a5029975b5,Voter Registration Activity Report - 2016-07,
sbe-vrar-2016-08,https://results.elections.maryland.gov/pdf/vrar/2016/MSR-2016_08.pdf,Maryland State Board of Elections,2026-06-24T15:44:48+00:00,/Users/dpwillis/code/skipjack/archives/sbe/voter_registration/monthly/MSR-2016_08.pdf,01d6c49b8f9676443227cd4f683eade543ff9cfed8cf9f199da63c617354a3e9,Voter Registration Activity Report - 2016-08,
sbe-vrar-2016-09,https://results.elections.maryland.gov/pdf/vrar/2016/MSR-2016_09.pdf,Maryland State Board of Elections,2026-06-24T15:44:48+00:00,/Users/dpwillis/code/skipjack/archives/sbe/voter_registration/monthly/MSR-2016_09.pdf,27f92f9d21697dceb2da72ca395ff33495ad0f58b3656f94041a02bf42b95549,Voter Registration Activity Report - 2016-09,
sbe-vrar-2016-10,https://results.elections.maryland.gov/pdf/vrar/2016/MSR-2016_10.pdf,Maryland State Board of Elections,2026-06-24T15:44:48+00:00,/Users/dpwillis/code/skipjack/archives/sbe/voter_registration/monthly/MSR-2016_10.pdf,b13a214da76b58363d2f634f9d38a8f67d633d5504b59b892fc377f298cb5af0,Voter Registration Activity Report - 2016-10,
sbe-vrar-2016-11,https://results.elections.maryland.gov/pdf/vrar/2016/MSR-2016_11.pdf,Maryland State Board of Elections,2026-06-24T15:44:49+00:00,/Users/dpwillis/code/skipjack/archives/sbe/voter_registration/monthly/MSR-2016_11.pdf,058a61e22f33b91c39158bcd9750dddd37c92a08cc4459f9ef366c20841c08af,Voter Registration Activity Report - 2016-11,
sbe-vrar-2016-12,https://results.elections.maryland.gov/pdf/vrar/2016/MSR-2016_12.pdf,Maryland State Board of Elections,2026-06-24T15:44:49+00:00,/Users/dpwillis/code/skipjack/archives/sbe/voter_registration/monthly/MSR-2016_12.pdf,8af4dcfc5095731bc972311b82b174503fb0941a9e1ba5241687912b7c6ebe98,Voter Registration Activity Report - 2016-12,
sbe-vrar-2017-01,https://results.elections.maryland.gov/pdf/vrar/2017/MSR-2017_01.pdf,Maryland State Board of Elections,2026-06-24T15:44:49+00:00,/Users/dpwillis/code/skipjack/archives/sbe/voter_registration/monthly/MSR-2017_01.pdf,3643ce53f507435ab87ae32f7bbc2b2d88f752c69313df8eec60730d7e67572e,Voter Registration Activity Report - 2017-01,
sbe-vrar-2017-02,https://results.elections.maryland.gov/pdf/vrar/2017/MSR-2017_02.pdf,Maryland State Board of Elections,2026-06-24T15:44:49+00:00,/Users/dpwillis/code/skipjack/archives/sbe/voter_registration/monthly/MSR-2017_02.pdf,db2b4bfc66ba5ecfe6903c35cdaa7ef51bb654ad3c64612eeb7a41cb9a5cfe4b,Voter Registration Activity Report - 2017-02,
sbe-vrar-2017-03,https://results.elections.maryland.gov/pdf/vrar/2017/MSR-2017_03.pdf,Maryland State Board of Elections,2026-06-24T15:44:49+00:00,/Users/dpwillis/code/skipjack/archives/sbe/voter_registration/monthly/MSR-2017_03.pdf,c8d0d8215faab866b4117ee47424136b78a18dfcfc6ef8c45a984c910dc25731,Voter Registration Activity Report - 2017-03,
sbe-vrar-2017-04,https://results.elections.maryland.gov/pdf/vrar/2017/MSR-2017_04.pdf,Maryland State Board of Elections,2026-06-24T15:44:49+00:00,/Users/dpwillis/code/skipjack/archives/sbe/voter_registration/monthly/MSR-2017_04.pdf,8c2c3872002204adde782a30fa6b2730160d1c483356414fd4dc901df9fe04c9,Voter Registration Activity Report - 2017-04,
sbe-vrar-2017-05,https://results.elections.maryland.gov/pdf/vrar/2017/MSR-2017_05.pdf,Maryland State Board of Elections,2026-06-24T15:44:49+00:00,/Users/dpwillis/code/skipjack/archives/sbe/voter_registration/monthly/MSR-2017_05.pdf,39221c2ddf8ea7042c9eda8b70a6136c8d5d71ae5f258717862cb2b3778388ae,Voter Registration Activity Report - 2017-05,
sbe-vrar-2017-06,https://results.elections.maryland.gov/pdf/vrar/2017/MSR-2017_06.pdf,Maryland State Board of Elections,2026-06-24T15:44:49+00:00,/Users/dpwillis/code/skipjack/archives/sbe/voter_registration/monthly/MSR-2017_06.pdf,61edbf7e796b6b0b9b8c73773e5b2a067e80e29c3f8b9ef5d301f8e7564eeee3,Voter Registration Activity Report - 2017-06,
sbe-vrar-2017-07,https://results.elections.maryland.gov/pdf/vrar/2017/MSR-2017_07.pdf,Maryland State Board of Elections,2026-06-24T15:44:49+00:00,/Users/dpwillis/code/skipjack/archives/sbe/voter_registration/monthly/MSR-2017_07.pdf,c0deb75710062af6b55125c3ee8746db17b1db5de0b4553fdf812a179c26a439,Voter Registration Activity Report - 2017-07,
sbe-vrar-2017-08,https://results.elections.maryland.gov/pdf/vrar/2017/MSR-2017_08.pdf,Maryland State Board of Elections,2026-06-24T15:44:50+00:00,/Users/dpwillis/code/skipjack/archives/sbe/voter_registration/monthly/MSR-2017_08.pdf,0678eae17cb92fed332445ba847bdccd6c148b356432a46e8edb3ec09bc24c9c,Voter Registration Activity Report - 2017-08,
sbe-vrar-2017-09,https://results.elections.maryland.gov/pdf/vrar/2017/MSR-2017_09.pdf,Maryland State Board of Elections,2026-06-24T15:44:50+00:00,/Users/dpwillis/code/skipjack/archives/sbe/voter_registration/monthly/MSR-2017_09.pdf,03e7d18cafca2dbf0a040bd972caed71a2168144bd6be6e63f9d7fad7bd091ed,Voter Registration Activity Report - 2017-09,
sbe-vrar-2017-10,https://results.elections.maryland.gov/pdf/vrar/2017/MSR-2017_10.pdf,Maryland State Board of Elections,2026-06-24T15:44:50+00:00,/Users/dpwillis/code/skipjack/archives/sbe/voter_registration/monthly/MSR-2017_10.pdf,f18ef519b72174460aaefdb703f0468e57fa2fe6ebf8958ca2aca2b6c75052c9,Voter Registration Activity Report - 2017-10,
sbe-vrar-2017-11,https://results.elections.maryland.gov/pdf/vrar/2017/MSR-2017_11.pdf,Maryland State Board of Elections,2026-06-24T15:44:50+00:00,/Users/dpwillis/code/skipjack/archives/sbe/voter_registration/monthly/MSR-2017_11.pdf,75f841a2fb43f36227d3bb7c03b886484e51157f0c293505155398cc52cf6a13,Voter Registration Activity Report - 2017-11,
sbe-vrar-2017-12,https://results.elections.maryland.gov/pdf/vrar/2017/MSR-2017_12.pdf,Maryland State Board of Elections,2026-06-24T15:44:50+00:00,/Users/dpwillis/code/skipjack/archives/sbe/voter_registration/monthly/MSR-2017_12.pdf,d2b46b1bf7b1f44b2dd42daa5f354436420be5143055d8acd5e533932bcbc9e0,Voter Registration Activity Report - 2017-12,
sbe-vrar-2018-01,https://results.elections.maryland.gov/pdf/vrar/2018/MSR-2018_01.pdf,Maryland State Board of Elections,2026-06-24T15:44:50+00:00,/Users/dpwillis/code/skipjack/archives/sbe/voter_registration/monthly/MSR-2018_01.pdf,cd6b1f52c08f6a62c59421570545cb252cdbe855b843f2337d0722ebf031c4f9,Voter Registration Activity Report - 2018-01,
sbe-vrar-2018-02,https://results.elections.maryland.gov/pdf/vrar/2018/MSR-2018_02.pdf,Maryland State Board of Elections,2026-06-24T15:44:50+00:00,/Users/dpwillis/code/skipjack/archives/sbe/voter_registration/monthly/MSR-2018_02.pdf,ff4db98fe0b66e81bdbb1d9cfff7ce21fdb3c8cf49beb8d1dd1d84a11ec740a6,Voter Registration Activity Report - 2018-02,
sbe-vrar-2018-03,https://results.elections.maryland.gov/pdf/vrar/2018/MSR-2018_03.pdf,Maryland State Board of Elections,2026-06-24T15:44:50+00:00,/Users/dpwillis/code/skipjack/archives/sbe/voter_registration/monthly/MSR-2018_03.pdf,14420c1f3f18337ddd6e731e2c4289190cbca8e2ec97f28a0e4b6ec8fea680d9,Voter Registration Activity Report - 2018-03,
sbe-vrar-2018-04,https://results.elections.maryland.gov/pdf/vrar/2018/MSR-2018_04.pdf,Maryland State Board of Elections,2026-06-24T15:44:51+00:00,/Users/dpwillis/code/skipjack/archives/sbe/voter_registration/monthly/MSR-2018_04.pdf,da41f6224be0a3678be817e0385f46c2c76699a7199574af9fc74850b51c829c,Voter Registration Activity Report - 2018-04,
sbe-vrar-2018-05,https://results.elections.maryland.gov/pdf/vrar/2018/MSR-2018_05.pdf,Maryland State Board of Elections,2026-06-24T15:44:51+00:00,/Users/dpwillis/code/skipjack/archives/sbe/voter_registration/monthly/MSR-2018_05.pdf,daeb108e2e8220e3691fb3951c206ddc62f6a8f8103312193ed6c5f2120b19e6,Voter Registration Activity Report - 2018-05,
sbe-vrar-2018-06,https://results.elections.maryland.gov/pdf/vrar/2018/MSR-2018_06.pdf,Maryland State Board of Elections,2026-06-24T15:44:51+00:00,/Users/dpwillis/code/skipjack/archives/sbe/voter_registration/monthly/MSR-2018_06.pdf,c64ee7bf51c81b89dc4b64f52308c0a48e4c8e849df66f4c8ec46619189b685f,Voter Registration Activity Report - 2018-06,
sbe-vrar-2018-07,https://results.elections.maryland.gov/pdf/vrar/2018/MSR-2018_07.pdf,Maryland State Board of Elections,2026-06-24T15:44:51+00:00,/Users/dpwillis/code/skipjack/archives/sbe/voter_registration/monthly/MSR-2018_07.pdf,c0df13ceda439185897270c85d28dd1d3426917d5347f54510147530b4b5d32a,Voter Registration Activity Report - 2018-07,
sbe-vrar-2018-08,https://results.elections.maryland.gov/pdf/vrar/2018/MSR-2018_08.pdf,Maryland State Board of Elections,2026-06-24T15:44:51+00:00,/Users/dpwillis/code/skipjack/archives/sbe/voter_registration/monthly/MSR-2018_08.pdf,4cc0d9862d750b1a3280f0df1d9515d1c94c9ff3f42e441360e959b949b8a1e1,Voter Registration Activity Report - 2018-08,
sbe-vrar-2018-09,https://results.elections.maryland.gov/pdf/vrar/2018/MSR-2018_09.pdf,Maryland State Board of Elections,2026-06-24T15:44:51+00:00,/Users/dpwillis/code/skipjack/archives/sbe/voter_registration/monthly/MSR-2018_09.pdf,266d7a453a658c6caa126bb65030f91b621c5596bc2d2efa3df0b5bf5953259f,Voter Registration Activity Report - 2018-09,
sbe-vrar-2018-10,https://results.elections.maryland.gov/pdf/vrar/2018/MSR-2018_10.pdf,Maryland State Board of Elections,2026-06-24T15:44:51+00:00,/Users/dpwillis/code/skipjack/archives/sbe/voter_registration/monthly/MSR-2018_10.pdf,0a48f71172e67b4c4a6ac54ad6cdec31a37b3f5076a146cce8d95e0d86878c30,Voter Registration Activity Report - 2018-10,
sbe-vrar-2018-11,https://results.elections.maryland.gov/pdf/vrar/2018/MSR-2018_11.pdf,Maryland State Board of Elections,2026-06-24T15:44:52+00:00,/Users/dpwillis/code/skipjack/archives/sbe/voter_registration/monthly/MSR-2018_11.pdf,ca77a2fd39915537e6beb5f357b77ab5fcf4f355488b5106f8f12c3132734321,Voter Registration Activity Report - 2018-11,
sbe-vrar-2018-12,https://results.elections.maryland.gov/pdf/vrar/2018/MSR-2018_12.pdf,Maryland State Board of Elections,2026-06-24T15:44:52+00:00,/Users/dpwillis/code/skipjack/archives/sbe/voter_registration/monthly/MSR-2018_12.pdf,b6899e85052dccdf525ec6bd1d89aa2e487d61976913d85bbb6be15634a2baa3,Voter Registration Activity Report - 2018-12,
sbe-vrar-2019-01,https://results.elections.maryland.gov/pdf/vrar/2019/MSR-2019_01.pdf,Maryland State Board of Elections,2026-06-24T15:44:52+00:00,/Users/dpwillis/code/skipjack/archives/sbe/voter_registration/monthly/MSR-2019_01.pdf,70bd6404bb15c3cddde618b230abb23e1953ef027782191c9b2f7febe892531f,Voter Registration Activity Report - 2019-01,
sbe-vrar-2019-02,https://results.elections.maryland.gov/pdf/vrar/2019/MSR-2019_02.pdf,Maryland State Board of Elections,2026-06-24T15:44:52+00:00,/Users/dpwillis/code/skipjack/archives/sbe/voter_registration/monthly/MSR-2019_02.pdf,a69ee51e94b9a3f22066ec76358ffda1cd6f7a091fac61a60dac2d1e46bf8d2e,Voter Registration Activity Report - 2019-02,
sbe-vrar-2019-03,https://results.elections.maryland.gov/pdf/vrar/2019/MSR-2019_03.pdf,Maryland State Board of Elections,2026-06-24T15:44:52+00:00,/Users/dpwillis/code/skipjack/archives/sbe/voter_registration/monthly/MSR-2019_03.pdf,42edc80128dc3a1809155d3382d5621d1f9d7ccb680a18975ee557e05cc2a349,Voter Registration Activity Report - 2019-03,
sbe-vrar-2019-04,https://results.elections.maryland.gov/pdf/vrar/2019/MSR-2019_04.pdf,Maryland State Board of Elections,2026-06-24T15:44:52+00:00,/Users/dpwillis/code/skipjack/archives/sbe/voter_registration/monthly/MSR-2019_04.pdf,6a197fbcb54d1aca95f26a6a56fdcc10bb4b0a90c5a63a8738c61160120f70fe,Voter Registration Activity Report - 2019-04,
sbe-vrar-2019-05,https://results.elections.maryland.gov/pdf/vrar/2019/MSR-2019_05.pdf,Maryland State Board of Elections,2026-06-24T15:44:52+00:00,/Users/dpwillis/code/skipjack/archives/sbe/voter_registration/monthly/MSR-2019_05.pdf,5ace29a5f524308790d91969ccc1b10ec2eb5ce6a98a9f1c84a0839fc22b6ce4,Voter Registration Activity Report - 2019-05,
sbe-vrar-2019-06,https://results.elections.maryland.gov/pdf/vrar/2019/MSR-2019_06.pdf,Maryland State Board of Elections,2026-06-24T15:44:52+00:00,/Users/dpwillis/code/skipjack/archives/sbe/voter_registration/monthly/MSR-2019_06.pdf,82ea34c4290cb292b980882847cc23df6d8a688e3f49fa28b31d9f97b9bd0486,Voter Registration Activity Report - 2019-06,
sbe-vrar-2019-07,https://results.elections.maryland.gov/pdf/vrar/2019/MSR-2019_07.pdf,Maryland State Board of Elections,2026-06-24T15:44:53+00:00,/Users/dpwillis/code/skipjack/archives/sbe/voter_registration/monthly/MSR-2019_07.pdf,b16ad290696657dd0afccaaba4d17f7375f5efe4fba8786df7f5fa23e2eadba5,Voter Registration Activity Report - 2019-07,
sbe-vrar-2019-08,https://results.elections.maryland.gov/pdf/vrar/2019/MSR-2019_08.pdf,Maryland State Board of Elections,2026-06-24T15:44:53+00:00,/Users/dpwillis/code/skipjack/archives/sbe/voter_registration/monthly/MSR-2019_08.pdf,de09c33d46895c8299e8e09350775cc5c3b375e9bb1310f541c97cc8b1f39a51,Voter Registration Activity Report - 2019-08,
sbe-vrar-2019-09,https://results.elections.maryland.gov/pdf/vrar/2019/MSR-2019_09.pdf,Maryland State Board of Elections,2026-06-24T15:44:53+00:00,/Users/dpwillis/code/skipjack/archives/sbe/voter_registration/monthly/MSR-2019_09.pdf,d20a611cd4cf837b454be481799e620e1e92ce3755abcd215050232f8e777dc2,Voter Registration Activity Report - 2019-09,
sbe-vrar-2019-10,https://results.elections.maryland.gov/pdf/vrar/2019/MSR-2019_10.pdf,Maryland State Board of Elections,2026-06-24T15:44:53+00:00,/Users/dpwillis/code/skipjack/archives/sbe/voter_registration/monthly/MSR-2019_10.pdf,c30ab6b653e086bb8fe4f06b2f709244ca8941f87ecebee05602c7ad626d6e63,Voter Registration Activity Report - 2019-10,
sbe-vrar-2019-11,https://results.elections.maryland.gov/pdf/vrar/2019/MSR-2019_11.pdf,Maryland State Board of Elections,2026-06-24T15:44:53+00:00,/Users/dpwillis/code/skipjack/archives/sbe/voter_registration/monthly/MSR-2019_11.pdf,1b9dc5b71f5351e78a9799710e049015b4f1ac9d55c7f0707e0f77d72a6046ea,Voter Registration Activity Report - 2019-11,
sbe-vrar-2019-12,https://results.elections.maryland.gov/pdf/vrar/2019/MSR-2019_12.pdf,Maryland State Board of Elections,2026-06-24T15:44:53+00:00,/Users/dpwillis/code/skipjack/archives/sbe/voter_registration/monthly/MSR-2019_12.pdf,aad0b93670022b5ac5eff385ad0e544e7812f664d2af77936c24b2a1d79decfc,Voter Registration Activity Report - 2019-12,
sbe-vrar-2020-01,https://results.elections.maryland.gov/pdf/vrar/2020/MSR-2020_01.pdf,Maryland State Board of Elections,2026-06-24T15:44:53+00:00,/Users/dpwillis/code/skipjack/archives/sbe/voter_registration/monthly/MSR-2020_01.pdf,3ba6cbebbfcd89438cda1c57e2f7aa6673aae7f69ca5fae939ca7ee19e93ecbf,Voter Registration Activity Report - 2020-01,
sbe-vrar-2020-02,https://results.elections.maryland.gov/pdf/vrar/2020/MSR-2020_02.pdf,Maryland State Board of Elections,2026-06-24T15:44:54+00:00,/Users/dpwillis/code/skipjack/archives/sbe/voter_registration/monthly/MSR-2020_02.pdf,3347e307d7e80f1bdee46c5a5b2ba267f1d778ccf92a8f1cfc8075c1916fba12,Voter Registration Activity Report - 2020-02,
sbe-vrar-2020-03,https://results.elections.maryland.gov/pdf/vrar/2020/MSR-2020_03.pdf,Maryland State Board of Elections,2026-06-24T15:44:54+00:00,/Users/dpwillis/code/skipjack/archives/sbe/voter_registration/monthly/MSR-2020_03.pdf,175c50f81bb9b4e015db3b08c847592c3bebfe17d237c40b9f13ae9cc9bf8562,Voter Registration Activity Report - 2020-03,
sbe-vrar-2020-04,https://results.elections.maryland.gov/pdf/vrar/2020/MSR-2020_04.pdf,Maryland State Board of Elections,2026-06-24T15:44:54+00:00,/Users/dpwillis/code/skipjack/archives/sbe/voter_registration/monthly/MSR-2020_04.pdf,f6d2fd61ba8399300a900252c38a709b5f7379b2b5c1b63bc5d377b43437535e,Voter Registration Activity Report - 2020-04,
sbe-vrar-2020-05,https://results.elections.maryland.gov/pdf/vrar/2020/MSR-2020_05.pdf,Maryland State Board of Elections,2026-06-24T15:44:54+00:00,/Users/dpwillis/code/skipjack/archives/sbe/voter_registration/monthly/MSR-2020_05.pdf,80cc07a4d2fa8b72a52c11213ffc54f3efd3b3044372fecee2986dacaf2a74bf,Voter Registration Activity Report - 2020-05,
sbe-vrar-2020-06,https://results.elections.maryland.gov/pdf/vrar/2020/MSR-2020_06.pdf,Maryland State Board of Elections,2026-06-24T15:44:54+00:00,/Users/dpwillis/code/skipjack/archives/sbe/voter_registration/monthly/MSR-2020_06.pdf,eb187e5736d07090a1c858a5d919b4acdc49a84514147b60424a39f03332141e,Voter Registration Activity Report - 2020-06,
sbe-vrar-2020-07,https://results.elections.maryland.gov/pdf/vrar/2020/MSR-2020_07.pdf,Maryland State Board of Elections,2026-06-24T15:44:54+00:00,/Users/dpwillis/code/skipjack/archives/sbe/voter_registration/monthly/MSR-2020_07.pdf,37287f305b7969fb2417cce89ee22c119ced85ec3db29a18763de510a8f0ff96,Voter Registration Activity Report - 2020-07,
sbe-vrar-2020-08,https://results.elections.maryland.gov/pdf/vrar/2020/MSR-2020_08.pdf,Maryland State Board of Elections,2026-06-24T15:44:54+00:00,/Users/dpwillis/code/skipjack/archives/sbe/voter_registration/monthly/MSR-2020_08.pdf,260ccd84a783b1f4826151301ca1eec99aa3f87b97d539140f7e29203bc09f6b,Voter Registration Activity Report - 2020-08,
sbe-vrar-2020-09,https://results.elections.maryland.gov/pdf/vrar/2020/MSR-2020_09.pdf,Maryland State Board of Elections,2026-06-24T15:44:55+00:00,/Users/dpwillis/code/skipjack/archives/sbe/voter_registration/monthly/MSR-2020_09.pdf,965875f44d665b0f6c4518915d91c4849418e5d00f4c74c954962c94f481feaa,Voter Registration Activity Report - 2020-09,
sbe-vrar-2020-10,https://results.elections.maryland.gov/pdf/vrar/2020/MSR-2020_10.pdf,Maryland State Board of Elections,2026-06-24T15:44:55+00:00,/Users/dpwillis/code/skipjack/archives/sbe/voter_registration/monthly/MSR-2020_10.pdf,59f397fa807f5c72ac5e0d41c00b3fe6c3d3a788713dc33933fd612119594a4b,Voter Registration Activity Report - 2020-10,
sbe-vrar-2020-11,https://results.elections.maryland.gov/pdf/vrar/2020/MSR-2020_11.pdf,Maryland State Board of Elections,2026-06-24T15:44:55+00:00,/Users/dpwillis/code/skipjack/archives/sbe/voter_registration/monthly/MSR-2020_11.pdf,c7df60e47480d80409023dc9e60662d9918e6e80638b287662c3472eb1c59aa1,Voter Registration Activity Report - 2020-11,
sbe-vrar-2020-12,https://results.elections.maryland.gov/pdf/vrar/2020/MSR-2020_12.pdf,Maryland State Board of Elections,2026-06-24T15:44:55+00:00,/Users/dpwillis/code/skipjack/archives/sbe/voter_registration/monthly/MSR-2020_12.pdf,7b6fc98a145fd07d470e1059eceeafdddeb52b77c021b53025b1ad35336dc0f1,Voter Registration Activity Report - 2020-12,
sbe-vrar-2021-01,https://results.elections.maryland.gov/pdf/vrar/2021/MSR-2021_01.pdf,Maryland State Board of Elections,2026-06-24T15:44:55+00:00,/Users/dpwillis/code/skipjack/archives/sbe/voter_registration/monthly/MSR-2021_01.pdf,3223ba077b501978e8abfb555129a5213e3ac0a0a7ea3fedc80c20941bd249f8,Voter Registration Activity Report - 2021-01,
sbe-vrar-2021-02,https://results.elections.maryland.gov/pdf/vrar/2021/MSR-2021_02.pdf,Maryland State Board of Elections,2026-06-24T15:44:55+00:00,/Users/dpwillis/code/skipjack/archives/sbe/voter_registration/monthly/MSR-2021_02.pdf,ed6cdbebbb24bc7890643db6e7d45634438a7e822a32fd92d35d030845a00d9c,Voter Registration Activity Report - 2021-02,
sbe-vrar-2021-03,https://results.elections.maryland.gov/pdf/vrar/2021/MSR-2021_03.pdf,Maryland State Board of Elections,2026-06-24T15:44:55+00:00,/Users/dpwillis/code/skipjack/archives/sbe/voter_registration/monthly/MSR-2021_03.pdf,506e199c081b5dd6a9e63ee2e20b1415173f21faf6a951bd1c2e37d90c0889c9,Voter Registration Activity Report - 2021-03,
sbe-vrar-2021-04,https://results.elections.maryland.gov/pdf/vrar/2021/MSR-2021_04.pdf,Maryland State Board of Elections,2026-06-24T15:44:55+00:00,/Users/dpwillis/code/skipjack/archives/sbe/voter_registration/monthly/MSR-2021_04.pdf,404baa54fc3409594f1be454d66106c3d06ac1262ca0432a365f4ceed8520b03,Voter Registration Activity Report - 2021-04,
sbe-vrar-2021-05,https://results.elections.maryland.gov/pdf/vrar/2021/MSR-2021_05.pdf,Maryland State Board of Elections,2026-06-24T15:44:56+00:00,/Users/dpwillis/code/skipjack/archives/sbe/voter_registration/monthly/MSR-2021_05.pdf,4775249bea3a13dbe8d841b472816b74f64a1c91789b73f15072b62b9c5f555c,Voter Registration Activity Report - 2021-05,
sbe-vrar-2021-06,https://results.elections.maryland.gov/pdf/vrar/2021/MSR-2021_06.pdf,Maryland State Board of Elections,2026-06-24T15:44:56+00:00,/Users/dpwillis/code/skipjack/archives/sbe/voter_registration/monthly/MSR-2021_06.pdf,f1f972fd319206ba1fb96fdf72743f5d423fac4833d4a0fd044245e834ea44b8,Voter Registration Activity Report - 2021-06,
sbe-vrar-2021-07,https://results.elections.maryland.gov/pdf/vrar/2021/MSR-2021_07.pdf,Maryland State Board of Elections,2026-06-24T15:44:56+00:00,/Users/dpwillis/code/skipjack/archives/sbe/voter_registration/monthly/MSR-2021_07.pdf,1da4079f8be8733f227d854bd64167da3b6f5472bde0c991c3efc2be8bd7a7be,Voter Registration Activity Report - 2021-07,
sbe-vrar-2021-08,https://results.elections.maryland.gov/pdf/vrar/2021/MSR-2021_08.pdf,Maryland State Board of Elections,2026-06-24T15:44:56+00:00,/Users/dpwillis/code/skipjack/archives/sbe/voter_registration/monthly/MSR-2021_08.pdf,d6e4f766c217d2f1e18d196d302d27978ef80d427388f99954df50a48cdea066,Voter Registration Activity Report - 2021-08,
sbe-vrar-2021-09,https://results.elections.maryland.gov/pdf/vrar/2021/MSR-2021_09.pdf,Maryland State Board of Elections,2026-06-24T15:44:56+00:00,/Users/dpwillis/code/skipjack/archives/sbe/voter_registration/monthly/MSR-2021_09.pdf,849a5190693a472b2eea2389e22a013391647de9c88f4d4c2792bfc65aa9c9a3,Voter Registration Activity Report - 2021-09,
sbe-vrar-2021-10,https://results.elections.maryland.gov/pdf/vrar/2021/MSR-2021_10.pdf,Maryland State Board of Elections,2026-06-24T15:44:56+00:00,/Users/dpwillis/code/skipjack/archives/sbe/voter_registration/monthly/MSR-2021_10.pdf,967e67204d5695c83f67f383d6f2ec1e6b73cb9961244acc2d47b358b484a4c9,Voter Registration Activity Report - 2021-10,
sbe-vrar-2021-11,https://results.elections.maryland.gov/pdf/vrar/2021/MSR-2021_11.pdf,Maryland State Board of Elections,2026-06-24T15:44:56+00:00,/Users/dpwillis/code/skipjack/archives/sbe/voter_registration/monthly/MSR-2021_11.pdf,6f331b70a363a4350b98cc2140b50bc232da58fd31e1867942fceac21370117b,Voter Registration Activity Report - 2021-11,
sbe-vrar-2021-12,https://results.elections.maryland.gov/pdf/vrar/2021/MSR-2021_12.pdf,Maryland State Board of Elections,2026-06-24T15:44:56+00:00,/Users/dpwillis/code/skipjack/archives/sbe/voter_registration/monthly/MSR-2021_12.pdf,83625d90af943f28d981506ed24893f0309f5e0c048a40b77e16dd226fdefa86,Voter Registration Activity Report - 2021-12,
sbe-vrar-2022-01,https://results.elections.maryland.gov/pdf/vrar/2022/MSR-2022_01.pdf,Maryland State Board of Elections,2026-06-24T15:44:56+00:00,/Users/dpwillis/code/skipjack/archives/sbe/voter_registration/monthly/MSR-2022_01.pdf,e96c092c42ff2038dcc4e54414f69d5b5bff872132b4cc97d8f83931823c7389,Voter Registration Activity Report - 2022-01,
sbe-vrar-2022-02,https://results.elections.maryland.gov/pdf/vrar/2022/MSR-2022_02.pdf,Maryland State Board of Elections,2026-06-24T15:44:57+00:00,/Users/dpwillis/code/skipjack/archives/sbe/voter_registration/monthly/MSR-2022_02.pdf,c72a811fb2635bb2676943ef4b2aafb39fcc66f5383f75c3e6c0cc010c16feb8,Voter Registration Activity Report - 2022-02,
sbe-vrar-2022-03,https://results.elections.maryland.gov/pdf/vrar/2022/MSR-2022_03.pdf,Maryland State Board of Elections,2026-06-24T15:44:57+00:00,/Users/dpwillis/code/skipjack/archives/sbe/voter_registration/monthly/MSR-2022_03.pdf,b05ea5b5a2e53f9dcccfa8e12698dc99b92de21ab7e99151c7d0616881d8b7b3,Voter Registration Activity Report - 2022-03,
sbe-vrar-2022-04,https://results.elections.maryland.gov/pdf/vrar/2022/MSR-2022_04.pdf,Maryland State Board of Elections,2026-06-24T15:44:57+00:00,/Users/dpwillis/code/skipjack/archives/sbe/voter_registration/monthly/MSR-2022_04.pdf,991e53229752cf011d55473a9fd9b86730aa1d8ccd237e7415836c0b5f524c25,Voter Registration Activity Report - 2022-04,
sbe-vrar-2022-05,https://results.elections.maryland.gov/pdf/vrar/2022/MSR-2022_05.pdf,Maryland State Board of Elections,2026-06-24T15:44:57+00:00,/Users/dpwillis/code/skipjack/archives/sbe/voter_registration/monthly/MSR-2022_05.pdf,727b2e834b9c4af5c307237ce1fac570ac6bf1323ed355c69f2bafde5632a946,Voter Registration Activity Report - 2022-05,
sbe-vrar-2022-06,https://results.elections.maryland.gov/pdf/vrar/2022/MSR-2022_06.pdf,Maryland State Board of Elections,2026-06-24T15:44:57+00:00,/Users/dpwillis/code/skipjack/archives/sbe/voter_registration/monthly/MSR-2022_06.pdf,e281705c5b792c08641005eae9ab6d34c6d5ad2634ceccab8f1bc1c500e541be,Voter Registration Activity Report - 2022-06,
sbe-vrar-2022-07,https://results.elections.maryland.gov/pdf/vrar/2022/MSR-2022_07.pdf,Maryland State Board of Elections,2026-06-24T15:44:57+00:00,/Users/dpwillis/code/skipjack/archives/sbe/voter_registration/monthly/MSR-2022_07.pdf,9bba114b9c537f400d8fe3e3f2f82a2d51d6aad410e47fc48cc2bd9b3bb26cb7,Voter Registration Activity Report - 2022-07,
sbe-vrar-2022-08,https://results.elections.maryland.gov/pdf/vrar/2022/MSR-2022_08.pdf,Maryland State Board of Elections,2026-06-24T15:44:57+00:00,/Users/dpwillis/code/skipjack/archives/sbe/voter_registration/monthly/MSR-2022_08.pdf,538d4152ccdca6a01504f9f1e73570e82e22efe78b110082d5f4e36c5241bf29,Voter Registration Activity Report - 2022-08,
sbe-vrar-2022-09,https://results.elections.maryland.gov/pdf/vrar/2022/MSR-2022_09.pdf,Maryland State Board of Elections,2026-06-24T15:44:58+00:00,/Users/dpwillis/code/skipjack/archives/sbe/voter_registration/monthly/MSR-2022_09.pdf,4e42e9cbcb42156bee693173a79339b3c0f8b13d51292449a7b028ec7c14e6bb,Voter Registration Activity Report - 2022-09,
sbe-vrar-2022-10,https://results.elections.maryland.gov/pdf/vrar/2022/MSR-2022_10.pdf,Maryland State Board of Elections,2026-06-24T15:44:58+00:00,/Users/dpwillis/code/skipjack/archives/sbe/voter_registration/monthly/MSR-2022_10.pdf,4170cf9e2cbc9bfbba806a64427176b66f1f736c0a06c4c502d3be0ed86b1586,Voter Registration Activity Report - 2022-10,
sbe-vrar-2022-11,https://results.elections.maryland.gov/pdf/vrar/2022/MSR-2022_11.pdf,Maryland State Board of Elections,2026-06-24T15:44:58+00:00,/Users/dpwillis/code/skipjack/archives/sbe/voter_registration/monthly/MSR-2022_11.pdf,34aee53d1d1f065c3c0fe8af80db41c93b0b6a9032215e695eaef8d961559310,Voter Registration Activity Report - 2022-11,
sbe-vrar-2022-12,https://results.elections.maryland.gov/pdf/vrar/2022/MSR-2022_12.pdf,Maryland State Board of Elections,2026-06-24T15:44:58+00:00,/Users/dpwillis/code/skipjack/archives/sbe/voter_registration/monthly/MSR-2022_12.pdf,9a2d52c9c9fc90239632c172cd80a9c7a18590da04760a0e88d2154072c04e2f,Voter Registration Activity Report - 2022-12,
sbe-vrar-2023-01,https://results.elections.maryland.gov/pdf/vrar/2023/MSR-2023_01.pdf,Maryland State Board of Elections,2026-06-24T15:44:58+00:00,/Users/dpwillis/code/skipjack/archives/sbe/voter_registration/monthly/MSR-2023_01.pdf,feab180776d3ce1545aec7f0f8748fab6892f4c058ac8e9cebf935f629dfdcbb,Voter Registration Activity Report - 2023-01,
sbe-vrar-2023-02,https://results.elections.maryland.gov/pdf/vrar/2023/MSR-2023_02.pdf,Maryland State Board of Elections,2026-06-24T15:44:58+00:00,/Users/dpwillis/code/skipjack/archives/sbe/voter_registration/monthly/MSR-2023_02.pdf,de0d3d00d9d55449e5075903e1d059999c51528ec15c7eedf602538570602eb5,Voter Registration Activity Report - 2023-02,
sbe-vrar-2023-03,https://results.elections.maryland.gov/pdf/vrar/2023/MSR-2023_03.pdf,Maryland State Board of Elections,2026-06-24T15:44:58+00:00,/Users/dpwillis/code/skipjack/archives/sbe/voter_registration/monthly/MSR-2023_03.pdf,bc8bfcaae3f89affd3dab70b39c8865fb801c441c457915875baae04427b145a,Voter Registration Activity Report - 2023-03,
sbe-vrar-2023-04,https://results.elections.maryland.gov/pdf/vrar/2023/MSR-2023_04.pdf,Maryland State Board of Elections,2026-06-24T15:44:58+00:00,/Users/dpwillis/code/skipjack/archives/sbe/voter_registration/monthly/MSR-2023_04.pdf,44d6678a1e9f4b631643bf6a143b8dad48cf84348119f35108e8f94a5dc94297,Voter Registration Activity Report - 2023-04,
sbe-vrar-2023-05,https://results.elections.maryland.gov/pdf/vrar/2023/MSR-2023_05.pdf,Maryland State Board of Elections,2026-06-24T15:44:59+00:00,/Users/dpwillis/code/skipjack/archives/sbe/voter_registration/monthly/MSR-2023_05.pdf,bbbe9ddd5f088c3bd15cdccff67fe93c3d9d241aacb835afb9ebfc85c06f5061,Voter Registration Activity Report - 2023-05,
sbe-vrar-2023-06,https://results.elections.maryland.gov/pdf/vrar/2023/MSR-2023_06.pdf,Maryland State Board of Elections,2026-06-24T15:44:59+00:00,/Users/dpwillis/code/skipjack/archives/sbe/voter_registration/monthly/MSR-2023_06.pdf,7b4e6a98f7718430ddb9ab0ce94a22bd77e546c3b3fd559ca746a9d710d548b1,Voter Registration Activity Report - 2023-06,
sbe-vrar-2023-07,https://results.elections.maryland.gov/pdf/vrar/2023/MSR-2023_07.pdf,Maryland State Board of Elections,2026-06-24T15:44:59+00:00,/Users/dpwillis/code/skipjack/archives/sbe/voter_registration/monthly/MSR-2023_07.pdf,98f17aafbbad592ccb0cff506255ee83011489585e19a6b42b21106329e949e2,Voter Registration Activity Report - 2023-07,
sbe-vrar-2023-08,https://results.elections.maryland.gov/pdf/vrar/2023/MSR-2023_08.pdf,Maryland State Board of Elections,2026-06-24T15:44:59+00:00,/Users/dpwillis/code/skipjack/archives/sbe/voter_registration/monthly/MSR-2023_08.pdf,5280277b4257fb583ee8301e142291f3625829bd91b7eed51b68f4981f43c561,Voter Registration Activity Report - 2023-08,
sbe-vrar-2023-09,https://results.elections.maryland.gov/pdf/vrar/2023/MSR-2023_09.pdf,Maryland State Board of Elections,2026-06-24T15:44:59+00:00,/Users/dpwillis/code/skipjack/archives/sbe/voter_registration/monthly/MSR-2023_09.pdf,07ac24d3c101419db5d8d6daedf902caf485b79e199f0f2a7947ae7232a100a0,Voter Registration Activity Report - 2023-09,
sbe-vrar-2023-10,https://results.elections.maryland.gov/pdf/vrar/2023/MSR-2023_10.pdf,Maryland State Board of Elections,2026-06-24T15:44:59+00:00,/Users/dpwillis/code/skipjack/archives/sbe/voter_registration/monthly/MSR-2023_10.pdf,957c2e8872222a13861110638a92ad68853f2f69cb38dcd1eb4ce1f79ee40366,Voter Registration Activity Report - 2023-10,
sbe-vrar-2023-11,https://results.elections.maryland.gov/pdf/vrar/2023/MSR-2023_11.pdf,Maryland State Board of Elections,2026-06-24T15:44:59+00:00,/Users/dpwillis/code/skipjack/archives/sbe/voter_registration/monthly/MSR-2023_11.pdf,159787c99bdbf0dcd6489e0595362f74f00c29d153cefb413d144915e98785c0,Voter Registration Activity Report - 2023-11,
sbe-vrar-2023-12,https://results.elections.maryland.gov/pdf/vrar/2023/MSR-2023_12.pdf,Maryland State Board of Elections,2026-06-24T15:45:00+00:00,/Users/dpwillis/code/skipjack/archives/sbe/voter_registration/monthly/MSR-2023_12.pdf,a0b4b03cc9e8154a8d8c21136fd1f18eef9087523b266c31c3f36a62d821fd2b,Voter Registration Activity Report - 2023-12,
sbe-vrar-2024-02,https://results.elections.maryland.gov/pdf/vrar/2024/MSR-2024_02.pdf,Maryland State Board of Elections,2026-06-24T15:45:00+00:00,/Users/dpwillis/code/skipjack/archives/sbe/voter_registration/monthly/MSR-2024_02.pdf,72ae3f070999b55b4d0326498d4f5c7b0170f6de19b907e3e0bea9b06c1817c4,Voter Registration Activity Report - 2024-02,
sbe-vrar-2024-03,https://results.elections.maryland.gov/pdf/vrar/2024/MSR-2024_03.pdf,Maryland State Board of Elections,2026-06-24T15:45:00+00:00,/Users/dpwillis/code/skipjack/archives/sbe/voter_registration/monthly/MSR-2024_03.pdf,99885eda14d150c0f014c22d75596d19c2f3ccf073d19f0f117b38fea8a20c78,Voter Registration Activity Report - 2024-03,
sbe-vrar-2024-04,https://results.elections.maryland.gov/pdf/vrar/2024/MSR-2024_04.pdf,Maryland State Board of Elections,2026-06-24T15:45:00+00:00,/Users/dpwillis/code/skipjack/archives/sbe/voter_registration/monthly/MSR-2024_04.pdf,6a66b42944a0ef100e48758de9f3c287308ac248f503beb4e0d041199991dc64,Voter Registration Activity Report - 2024-04,
sbe-vrar-2024-05,https://results.elections.maryland.gov/pdf/vrar/2024/MSR-2024_05.pdf,Maryland State Board of Elections,2026-06-24T15:45:00+00:00,/Users/dpwillis/code/skipjack/archives/sbe/voter_registration/monthly/MSR-2024_05.pdf,d35476ebf9e3a3aff5fc4e58d542a972284ac7acefcefea19cde7696a41d31b9,Voter Registration Activity Report - 2024-05,
sbe-vrar-2024-06,https://results.elections.maryland.gov/pdf/vrar/2024/MSR-2024_06.pdf,Maryland State Board of Elections,2026-06-24T15:45:00+00:00,/Users/dpwillis/code/skipjack/archives/sbe/voter_registration/monthly/MSR-2024_06.pdf,29212f713ef0570fa1bb8e55c18af43edd717dee1fbd7594832f14d1f988bf76,Voter Registration Activity Report - 2024-06,
sbe-vrar-2024-07,https://results.elections.maryland.gov/pdf/vrar/2024/MSR-2024_07.pdf,Maryland State Board of Elections,2026-06-24T15:45:00+00:00,/Users/dpwillis/code/skipjack/archives/sbe/voter_registration/monthly/MSR-2024_07.pdf,a5826a593032133ff7375092c6011fa94240a23a18519abacf0ccd8f0476b184,Voter Registration Activity Report - 2024-07,
sbe-vrar-2024-08,https://results.elections.maryland.gov/pdf/vrar/2024/MSR-2024_08.pdf,Maryland State Board of Elections,2026-06-24T15:45:01+00:00,/Users/dpwillis/code/skipjack/archives/sbe/voter_registration/monthly/MSR-2024_08.pdf,e630e9ca84cc9fbef8acc6dc1c32b7cd12c10b4a6f772009f1510937586eb7ad,Voter Registration Activity Report - 2024-08,
sbe-vrar-2024-09,https://results.elections.maryland.gov/pdf/vrar/2024/MSR-2024_09.pdf,Maryland State Board of Elections,2026-06-24T15:45:01+00:00,/Users/dpwillis/code/skipjack/archives/sbe/voter_registration/monthly/MSR-2024_09.pdf,b52d4c72f5dc9ebe970e6a93ab8e300c7f21149f77af850ff8a4dce525b3a97f,Voter Registration Activity Report - 2024-09,
sbe-vrar-2024-10,https://results.elections.maryland.gov/pdf/vrar/2024/MSR-2024_10.pdf,Maryland State Board of Elections,2026-06-24T15:45:01+00:00,/Users/dpwillis/code/skipjack/archives/sbe/voter_registration/monthly/MSR-2024_10.pdf,cbff2eb81f3b4952eb2164d8a3d2ce653d98a7491fbac90366f4108673360d74,Voter Registration Activity Report - 2024-10,
sbe-vrar-2024-11,https://results.elections.maryland.gov/pdf/vrar/2024/MSR-2024_11.pdf,Maryland State Board of Elections,2026-06-24T15:45:01+00:00,/Users/dpwillis/code/skipjack/archives/sbe/voter_registration/monthly/MSR-2024_11.pdf,e88247a99c4fa2dba7297526bb6f62bc5a860127c524ff4d7b2248fed8cde416,Voter Registration Activity Report - 2024-11,
sbe-vrar-2024-12,https://results.elections.maryland.gov/pdf/vrar/2024/MSR-2024_12.pdf,Maryland State Board of Elections,2026-06-24T15:45:01+00:00,/Users/dpwillis/code/skipjack/archives/sbe/voter_registration/monthly/MSR-2024_12.pdf,c210e90d1c9a9bd2e4773aad2c1854c2b8ab12156cfa3c0331efba8a1bfdaf73,Voter Registration Activity Report - 2024-12,
sbe-vrar-2025-01,https://results.elections.maryland.gov/pdf/vrar/2025/MSR-2025_01.pdf,Maryland State Board of Elections,2026-06-24T15:53:28+00:00,/Users/dpwillis/code/skipjack/archives/sbe/voter_registration/monthly/MSR-2025_01.pdf,578f7331f88b137582cdcbb830d7121aafac6817c8466c4d02fc417359612342,Voter Registration Activity Report - 2025-01,
sbe-vrar-2025-02,https://results.elections.maryland.gov/pdf/vrar/2025/MSR-2025_02.pdf,Maryland State Board of Elections,2026-06-24T15:53:28+00:00,/Users/dpwillis/code/skipjack/archives/sbe/voter_registration/monthly/MSR-2025_02.pdf,cae2c4170cf370a3a3c96b1f3282597fbc0d80ebd192cdb182098b8b9c5c3a77,Voter Registration Activity Report - 2025-02,
sbe-vrar-2025-03,https://results.elections.maryland.gov/pdf/vrar/2025/MSR-2025_03.pdf,Maryland State Board of Elections,2026-06-24T15:53:28+00:00,/Users/dpwillis/code/skipjack/archives/sbe/voter_registration/monthly/MSR-2025_03.pdf,4712504e24374c20ee9a7f4a1c4031bcd01c7f571b46fc6914c59d2e418e6397,Voter Registration Activity Report - 2025-03,
sbe-vrar-2025-04,https://results.elections.maryland.gov/pdf/vrar/2025/MSR-2025_04.pdf,Maryland State Board of Elections,2026-06-24T15:53:28+00:00,/Users/dpwillis/code/skipjack/archives/sbe/voter_registration/monthly/MSR-2025_04.pdf,6d1ff8affa4c90b432aa21da8897f3d253f5546bca147b26292f9bbfb77ee8b8,Voter Registration Activity Report - 2025-04,
sbe-vrar-2025-05,https://results.elections.maryland.gov/pdf/vrar/2025/MSR-2025_05.pdf,Maryland State Board of Elections,2026-06-24T15:53:28+00:00,/Users/dpwillis/code/skipjack/archives/sbe/voter_registration/monthly/MSR-2025_05.pdf,20dc94288b0bfabd8197f3bad28e6224c5cd6d1f1e2ed4813f2cf33c35d9bc38,Voter Registration Activity Report - 2025-05,
sbe-vrar-2025-06,https://results.elections.maryland.gov/pdf/vrar/2025/MSR-2025_06.pdf,Maryland State Board of Elections,2026-06-24T15:53:28+00:00,/Users/dpwillis/code/skipjack/archives/sbe/voter_registration/monthly/MSR-2025_06.pdf,cb127a88a20db3e3cb7365c68bb4bca303eec210e6b99c95cdba441906b8bcfe,Voter Registration Activity Report - 2025-06,
sbe-vrar-2025-07,https://results.elections.maryland.gov/pdf/vrar/2025/MSR-2025_07.pdf,Maryland State Board of Elections,2026-06-24T15:53:28+00:00,/Users/dpwillis/code/skipjack/archives/sbe/voter_registration/monthly/MSR-2025_07.pdf,bf9d828de2eed6f0d61e4e77fe1adbf558c53b93d3b0a6ac11c16812ec4fa1d6,Voter Registration Activity Report - 2025-07,
sbe-vrar-2025-08,https://results.elections.maryland.gov/pdf/vrar/2025/MSR-2025_08.pdf,Maryland State Board of Elections,2026-06-24T15:53:28+00:00,/Users/dpwillis/code/skipjack/archives/sbe/voter_registration/monthly/MSR-2025_08.pdf,035b7fc0745a694a7707ad31ec53f8bdd2c1177ce1350d7740023ba2ab1024c0,Voter Registration Activity Report - 2025-08,
sbe-vrar-2025-09,https://results.elections.maryland.gov/pdf/vrar/2025/MSR-2025_09.pdf,Maryland State Board of Elections,2026-06-24T15:53:29+00:00,/Users/dpwillis/code/skipjack/archives/sbe/voter_registration/monthly/MSR-2025_09.pdf,78603f23d5425ac532fa286886cac80b158c6d6d48a2a2704fe7f92a25298607,Voter Registration Activity Report - 2025-09,
sbe-vrar-2025-10,https://results.elections.maryland.gov/pdf/vrar/2025/MSR-2025_10.pdf,Maryland State Board of Elections,2026-06-24T15:53:29+00:00,/Users/dpwillis/code/skipjack/archives/sbe/voter_registration/monthly/MSR-2025_10.pdf,649c68e254657a4bd3c9f35b034d035273dc49cdd2d9a1b5b1f466e733c4522a,Voter Registration Activity Report - 2025-10,
sbe-vrar-2025-11,https://results.elections.maryland.gov/pdf/vrar/2025/MSR-2025_11.pdf,Maryland State Board of Elections,2026-06-24T15:53:29+00:00,/Users/dpwillis/code/skipjack/archives/sbe/voter_registration/monthly/MSR-2025_11.pdf,b7d9b284488cb39770a8f8f90ab31bac29867fe1b9625fea90168878e08a926e,Voter Registration Activity Report - 2025-11,
sbe-vrar-2025-12,https://results.elections.maryland.gov/pdf/vrar/2025/MSR-2025_12.pdf,Maryland State Board of Elections,2026-06-24T15:53:29+00:00,/Users/dpwillis/code/skipjack/archives/sbe/voter_registration/monthly/MSR-2025_12.pdf,e1761d2e3abcd4c0f557e7928616e0a63d49d957606526e135051ea0f7c8f70c,Voter Registration Activity Report - 2025-12,
sbe-vrar-2026-01,https://results.elections.maryland.gov/pdf/vrar/2026/MSR-2026_01.pdf,Maryland State Board of Elections,2026-06-24T15:53:29+00:00,/Users/dpwillis/code/skipjack/archives/sbe/voter_registration/monthly/MSR-2026_01.pdf,9c75039e2137563c2e376809cce329e95c6b35a4671696d7b9ee1edff7b8e487,Voter Registration Activity Report - 2026-01,
sbe-vrar-2026-02,https://results.elections.maryland.gov/pdf/vrar/2026/MSR-2026_02.pdf,Maryland State Board of Elections,2026-06-24T15:53:29+00:00,/Users/dpwillis/code/skipjack/archives/sbe/voter_registration/monthly/MSR-2026_02.pdf,3f583d99149bf0a36065d2fd2a72cf33e1bca6b52a1b1b7478c05c113efb311d,Voter Registration Activity Report - 2026-02,
sbe-vrar-2026-03,https://results.elections.maryland.gov/pdf/vrar/2026/MSR-2026_03.pdf,Maryland State Board of Elections,2026-06-24T15:53:29+00:00,/Users/dpwillis/code/skipjack/archives/sbe/voter_registration/monthly/MSR-2026_03.pdf,6e662d8b22948cb34ad2518de86c1f5dad288b4227621e1ccd4be37bbaf99cfc,Voter Registration Activity Report - 2026-03,
sbe-vrar-2026-04,https://results.elections.maryland.gov/pdf/vrar/2026/MSR-2026_04.pdf,Maryland State Board of Elections,2026-06-24T15:53:29+00:00,/Users/dpwillis/code/skipjack/archives/sbe/voter_registration/monthly/MSR-2026_04.pdf,5471ffd3624493cc7f6d5bd3a7807808b9021cd67bec7a0062ff8a9213dfd225,Voter Registration Activity Report - 2026-04,
sbe-vrar-2026-05,https://results.elections.maryland.gov/pdf/vrar/2026/MSR-2026_05.pdf,Maryland State Board of Elections,2026-06-24T15:53:30+00:00,/Users/dpwillis/code/skipjack/archives/sbe/voter_registration/monthly/MSR-2026_05.pdf,e59cbab668a2b9414e930583dda16b3b5280624cd1eafcb19ba0359f1c9f924d,Voter Registration Activity Report - 2026-05,
sbe-vrar-2026-06,https://elections.maryland.gov/pdf/vrar/2026/MSR-2026_06.pdf,Maryland State Board of Elections,2026-09-30T16:42:34+00:00,/Users/dpwillis/code/skipjack/archives/sbe/voter_registration/monthly/MSR-2026_06.pdf,c924ffbd4a35c93b260844a673bc6e7f05b2223286f5e08411457d2a1c495b94,Voter Registration Activity Report - 2026-06,
sbe-vrar-2026-07,https://elections.maryland.gov/pdf/vrar/2026/MSR-2026_07.pdf,Maryland State Board of Elections,2026-09-30T16:42:34+00:00,/Users/dpwillis/code/skipjack/archives/sbe/voter_registration/monthly/MSR-2026_07.pdf,755cd8af628f35c2eba99306006351296b23d1121283de5fbd3e589c3c2c532a,Voter Registration Activity Report - 2026-07,
sbe-vrar-2026-08,https://elections.maryland.gov/pdf/vrar/2026/MSR-2026_08.pdf,Maryland State Board of Elections,2026-09-30T16:42:34+00:00,/Users/dpwillis/code/skipjack/archives/sbe/voter_registration/monthly/MSR-2026_08.pdf,0f7a5205b1db46f6533e7397fafffec91c29c53479eab851cdc4574cefcb0822,Voter Registration Activity Report - 2026-08,
sbe-voterfile-2026-08-12-part-01,https://elections.maryland.gov/voter_registration/data.html,Maryland State Board of Elections,2026-10-01T20:18:55+00:00,/Users/dpwillis/code/md-voting/MD Post-Primary 2026 Voter Files/Statewide VR List w Voter History DOB AI 2022 to 2026_sbe_lnash_08122026_800.txt_Part_1-2026-08-12-8-20-23 AM (1).txt,6166c05db6721eec6704f0ad39e3f48d36a2a84e089ae0792c6a3522e88e53c8,Voter file part 1 (2026-08-12),"Raw voter file, restricted use. Not stored in the repository."
sbe-voterfile-2026-08-12-part-02,https://elections.maryland.gov/voter_registration/data.html,Maryland State Board of Elections,2026-10-01T20:18:55+00:00,/Users/dpwillis/code/md-voting/MD Post-Primary 2026 Voter Files/Statewide VR List w Voter History DOB AI 2022 to 2026_sbe_lnash_08122026_800.txt_Part_2-2026-08-12 (1).txt,4e7874bb8d59afe46390c48a38021e175680ef3132082e6abd587870e21d59a7,Voter file part 2 (2026-08-12),"Raw voter file, restricted use. Not stored in the repository."
sbe-voterfile-2026-08-12-part-03,https://elections.maryland.gov/voter_registration/data.html,Maryland State Board of Elections,2026-10-01T20:18:55+00:00,/Users/dpwillis/code/md-voting/MD Post-Primary 2026 Voter Files/Statewide VR List w Voter History DOB AI 2022 to 2026_sbe_lnash_08122026_800.txt_Part_3-2026-08-12 (1).txt,c01922ee96d99a06674ffc8eefc8d8138ee1862717a1c6a28275f4d938c75048,Voter file part 3 (2026-08-12),"Raw voter file, restricted use. Not stored in the repository."
sbe-voterfile-2026-08-12-part-04,https://elections.maryland.gov/voter_registration/data.html,Maryland State Board of Elections,2026-10-01T20:18:56+00:00,/Users/dpwillis/code/md-voting/MD Post-Primary 2026 Voter Files/Statewide VR List w Voter History DOB AI 2022 to 2026_sbe_lnash_08122026_800.txt_Part_4-2026-08-12 (1).txt,2cd63e8e9c3e3190c59951efbcd2818f0316197725f96951f63905239309fdb5,Voter file part 4 (2026-08-12),"Raw voter file, restricted use. Not stored in the repository."
sbe-voterfile-2026-08-12-part-05,https://elections.maryland.gov/voter_registration/data.html,Maryland State Board of Elections,2026-10-01T20:18:56+00:00,/Users/dpwillis/code/md-voting/MD Post-Primary 2026 Voter Files/Statewide VR List w Voter History DOB AI 2022 to 2026_sbe_lnash_08122026_800.txt_Part_5-2026-08-12 (1).txt,167dc8b38d18b3ed9ede580cd19023cf69cb781821eb06189a40389ff668d83d,Voter file part 5 (2026-08-12),"Raw voter file, restricted use. Not stored in the repository."
sbe-voterfile-2026-08-12-part-06,https://elections.maryland.gov/voter_registration/data.html,Maryland State Board of Elections,2026-10-01T20:18:56+00:00,/Users/dpwillis/code/md-voting/MD Post-Primary 2026 Voter Files/Statewide VR List w Voter History DOB AI 2022 to 2026_sbe_lnash_08122026_800.txt_Part_6-2026-08-12 (1).txt,6d9d722640b1d4a900dfb4fc440c35f26423f954600f65e0023f07063c78479e,Voter file part 6 (2026-08-12),"Raw voter file, restricted use. Not stored in the repository."
sbe-voterfile-2026-08-12-part-07,https://elections.maryland.gov/voter_registration/data.html,Maryland State Board of Elections,2026-10-01T20:18:56+00:00,/Users/dpwillis/code/md-voting/MD Post-Primary 2026 Voter Files/Statewide VR List w Voter History DOB AI 2022 to 2026_sbe_lnash_08122026_800.txt_Part_7-2026-08-12 (1).txt,f20f84111e9e391ebcd6a65c47cb50392e5e16c86500e59aba80cb9e6eb6697a,Voter file part 7 (2026-08-12),"Raw voter file, restricted use. Not stored in the repository."
sbe-voterfile-2026-08-12-part-08,https://elections.maryland.gov/voter_registration/data.html,Maryland State Board of Elections,2026-10-01T20:18:56+00:00,/Users/dpwillis/code/md-voting/MD Post-Primary 2026 Voter Files/Statewide VR List w Voter History DOB AI 2022 to 2026_sbe_lnash_08122026_800.txt_Part_8-2026-08-12 (2).txt,8e55d3a7458968785b36b1364e6090ee1b73f16cea0eea989258e242b016059c,Voter file part 8 (2026-08-12),"Raw voter file, restricted use. Not stored in the repository."
sbe-voterfile-2026-08-12-part-09,https://elections.maryland.gov/voter_registration/data.html,Maryland State Board of Elections,2026-10-01T20:18:56+00:00,/Users/dpwillis/code/md-voting/MD Post-Primary 2026 Voter Files/Statewide VR List w Voter History DOB AI 2022 to 2026_sbe_lnash_08122026_800.txt_Part_9-2026-08-12 (2).txt,b2681e7d19216cb1e6f41f9d0982613e45072db0f1dd35c91823ffa06b815ae6,Voter file part 9 (2026-08-12),"Raw voter file, restricted use. Not stored in the repository."
sbe-voterfile-2026-08-12-part-10,https://elections.maryland.gov/voter_registration/data.html,Maryland State Board of Elections,2026-10-01T20:18:56+00:00,/Users/dpwillis/code/md-voting/MD Post-Primary 2026 Voter Files/Statewide VR List w Voter History DOB AI 2022 to 2026_sbe_lnash_08122026_800.txt_Part_10-2026-08-12 (1).txt,ee76d8843964a1cddf69bccdd6c0d13343ebbbf3d937ecb1819af4b86a64ead0,Voter file part 10 (2026-08-12),"Raw voter file, restricted use. Not stored in the repository."
sbe-voterfile-2026-08-12-part-11,https://elections.maryland.gov/voter_registration/data.html,Maryland State Board of Elections,2026-10-01T20:18:56+00:00,/Users/dpwillis/code/md-voting/MD Post-Primary 2026 Voter Files/Statewide VR List w Voter History DOB AI 2022 to 2026_sbe_lnash_08122026_800.txt_Part_11-2026-08-12 (1).txt,4a9a69f88ae806b99c2cf11cf3ec78f65b9bb154ab793448ca9f223c682c298b,Voter file part 11 (2026-08-12),"Raw voter file, restricted use. Not stored in the repository."
sbe-voterfile-2024-09-11-part-01,https://elections.maryland.gov/voter_registration/data.html,Maryland State Board of Elections,2026-10-06T16:27:42+00:00,/Users/dpwillis/code/md-voting/md_voter_files/HistoryDOB.txt,301f1df1857c32dd426345790a6fc7f1bd94b70ea4c043a7dad86fe8df431df6,Voter file part 1 (2024-09-11),"Raw voter file, restricted use. Not stored in the repository."
