report_date,county,party,active_voters,party_name
2017-03,Allegany,DEM,14314,Democratic
2017-03,Allegany,REP,21385,Republican
2017-03,Allegany,GRN,122,Green
2017-03,Allegany,LIB,276,Libertarian
2017-03,Allegany,UNAF,6963,Unaffiliated
2017-03,Allegany,OTH,313,Other
2017-03,Anne Arundel,DEM,160077,Democratic
2017-03,Anne Arundel,REP,136505,Republican
2017-03,Anne Arundel,GRN,841,Green
2017-03,Anne Arundel,LIB,2582,Libertarian
2017-03,Anne Arundel,UNAF,81237,Unaffiliated
2017-03,Anne Arundel,OTH,1082,Other
2017-03,Baltimore City,DEM,307477,Democratic
2017-03,Baltimore City,REP,32007,Republican
2017-03,Baltimore City,GRN,1274,Green
2017-03,Baltimore City,LIB,1399,Libertarian
2017-03,Baltimore City,UNAF,45442,Unaffiliated
2017-03,Baltimore City,OTH,1574,Other
2017-03,Baltimore County,DEM,309524,Democratic
2017-03,Baltimore County,REP,144375,Republican
2017-03,Baltimore County,GRN,1442,Green
2017-03,Baltimore County,LIB,2990,Libertarian
2017-03,Baltimore County,UNAF,89037,Unaffiliated
2017-03,Baltimore County,OTH,4452,Other
2017-03,Calvert,DEM,23752,Democratic
2017-03,Calvert,REP,26320,Republican
2017-03,Calvert,GRN,140,Green
2017-03,Calvert,LIB,431,Libertarian
2017-03,Calvert,UNAF,12887,Unaffiliated
2017-03,Calvert,OTH,393,Other
2017-03,Caroline,DEM,6920,Democratic
2017-03,Caroline,REP,9095,Republican
2017-03,Caroline,GRN,30,Green
2017-03,Caroline,LIB,116,Libertarian
2017-03,Caroline,UNAF,3700,Unaffiliated
2017-03,Caroline,OTH,125,Other
2017-03,Carroll,DEM,32360,Democratic
2017-03,Carroll,REP,63579,Republican
2017-03,Carroll,GRN,252,Green
2017-03,Carroll,LIB,847,Libertarian
2017-03,Carroll,UNAF,23331,Unaffiliated
2017-03,Carroll,OTH,829,Other
2017-03,Cecil,DEM,22458,Democratic
2017-03,Cecil,REP,28318,Republican
2017-03,Cecil,GRN,154,Green
2017-03,Cecil,LIB,434,Libertarian
2017-03,Cecil,UNAF,14217,Unaffiliated
2017-03,Cecil,OTH,568,Other
2017-03,Charles,DEM,65275,Democratic
2017-03,Charles,REP,26000,Republican
2017-03,Charles,GRN,155,Green
2017-03,Charles,LIB,462,Libertarian
2017-03,Charles,UNAF,17622,Unaffiliated
2017-03,Charles,OTH,475,Other
2017-03,Dorchester,DEM,10051,Democratic
2017-03,Dorchester,REP,7974,Republican
2017-03,Dorchester,GRN,22,Green
2017-03,Dorchester,LIB,108,Libertarian
2017-03,Dorchester,UNAF,2898,Unaffiliated
2017-03,Dorchester,OTH,106,Other
2017-03,Frederick,DEM,61351,Democratic
2017-03,Frederick,REP,66457,Republican
2017-03,Frederick,GRN,432,Green
2017-03,Frederick,LIB,1189,Libertarian
2017-03,Frederick,UNAF,37167,Unaffiliated
2017-03,Frederick,OTH,283,Other
2017-03,Garrett,DEM,4384,Democratic
2017-03,Garrett,REP,12719,Republican
2017-03,Garrett,GRN,41,Green
2017-03,Garrett,LIB,96,Libertarian
2017-03,Garrett,UNAF,2378,Unaffiliated
2017-03,Garrett,OTH,145,Other
2017-03,Harford,DEM,64561,Democratic
2017-03,Harford,REP,77449,Republican
2017-03,Harford,GRN,383,Green
2017-03,Harford,LIB,1321,Libertarian
2017-03,Harford,UNAF,33965,Unaffiliated
2017-03,Harford,OTH,1121,Other
2017-03,Howard,DEM,104753,Democratic
2017-03,Howard,REP,57066,Republican
2017-03,Howard,GRN,511,Green
2017-03,Howard,LIB,1207,Libertarian
2017-03,Howard,UNAF,45825,Unaffiliated
2017-03,Howard,OTH,1861,Other
2017-03,Kent,DEM,6083,Democratic
2017-03,Kent,REP,4731,Republican
2017-03,Kent,GRN,25,Green
2017-03,Kent,LIB,61,Libertarian
2017-03,Kent,UNAF,2006,Unaffiliated
2017-03,Kent,OTH,110,Other
2017-03,Montgomery,DEM,384889,Democratic
2017-03,Montgomery,REP,120205,Republican
2017-03,Montgomery,GRN,1670,Green
2017-03,Montgomery,LIB,2885,Libertarian
2017-03,Montgomery,UNAF,143014,Unaffiliated
2017-03,Montgomery,OTH,4798,Other
2017-03,Prince George's,DEM,458969,Democratic
2017-03,Prince George's,REP,42966,Republican
2017-03,Prince George's,GRN,1038,Green
2017-03,Prince George's,LIB,1550,Libertarian
2017-03,Prince George's,UNAF,65514,Unaffiliated
2017-03,Prince George's,OTH,12011,Other
2017-03,Queen Anne's,DEM,10790,Democratic
2017-03,Queen Anne's,REP,17676,Republican
2017-03,Queen Anne's,GRN,86,Green
2017-03,Queen Anne's,LIB,234,Libertarian
2017-03,Queen Anne's,UNAF,6470,Unaffiliated
2017-03,Queen Anne's,OTH,175,Other
2017-03,St. Mary's,DEM,25753,Democratic
2017-03,St. Mary's,REP,29490,Republican
2017-03,St. Mary's,GRN,129,Green
2017-03,St. Mary's,LIB,504,Libertarian
2017-03,St. Mary's,UNAF,13892,Unaffiliated
2017-03,St. Mary's,OTH,399,Other
2017-03,Somerset,DEM,6004,Democratic
2017-03,Somerset,REP,5157,Republican
2017-03,Somerset,GRN,22,Green
2017-03,Somerset,LIB,50,Libertarian
2017-03,Somerset,UNAF,1750,Unaffiliated
2017-03,Somerset,OTH,71,Other
2017-03,Talbot,DEM,10083,Democratic
2017-03,Talbot,REP,11786,Republican
2017-03,Talbot,GRN,49,Green
2017-03,Talbot,LIB,148,Libertarian
2017-03,Talbot,UNAF,4833,Unaffiliated
2017-03,Talbot,OTH,195,Other
2017-03,Washington,DEM,32138,Democratic
2017-03,Washington,REP,42434,Republican
2017-03,Washington,GRN,256,Green
2017-03,Washington,LIB,651,Libertarian
2017-03,Washington,UNAF,18718,Unaffiliated
2017-03,Washington,OTH,440,Other
2017-03,Wicomico,DEM,26562,Democratic
2017-03,Wicomico,REP,22761,Republican
2017-03,Wicomico,GRN,144,Green
2017-03,Wicomico,LIB,393,Libertarian
2017-03,Wicomico,UNAF,10590,Unaffiliated
2017-03,Wicomico,OTH,431,Other
2017-03,Worcester,DEM,14330,Democratic
2017-03,Worcester,REP,16464,Republican
2017-03,Worcester,GRN,84,Green
2017-03,Worcester,LIB,228,Libertarian
2017-03,Worcester,UNAF,6904,Unaffiliated
2017-03,Worcester,OTH,298,Other
