report_date,county,measure,party,value
2023-03,Allegany,address_changes,,370
2023-03,Allegany,name_changes,,81
2023-03,Allegany,confirmation_mailings,,401
2023-03,Allegany,inactive,,2460
2023-03,Allegany,party_affiliation_changes_from,DEM,11
2023-03,Allegany,party_affiliation_changes_from,REP,10
2023-03,Allegany,party_affiliation_changes_from,LIB,0
2023-03,Allegany,party_affiliation_changes_from,UNAF,18
2023-03,Allegany,party_affiliation_changes_from,OTH,5
2023-03,Anne Arundel,address_changes,,3046
2023-03,Anne Arundel,name_changes,,1104
2023-03,Anne Arundel,confirmation_mailings,,5801
2023-03,Anne Arundel,inactive,,27951
2023-03,Anne Arundel,party_affiliation_changes_from,DEM,168
2023-03,Anne Arundel,party_affiliation_changes_from,REP,131
2023-03,Anne Arundel,party_affiliation_changes_from,LIB,3
2023-03,Anne Arundel,party_affiliation_changes_from,UNAF,124
2023-03,Anne Arundel,party_affiliation_changes_from,OTH,37
2023-03,Baltimore City,address_changes,,4261
2023-03,Baltimore City,name_changes,,1769
2023-03,Baltimore City,confirmation_mailings,,5108
2023-03,Baltimore City,inactive,,22395
2023-03,Baltimore City,party_affiliation_changes_from,DEM,209
2023-03,Baltimore City,party_affiliation_changes_from,REP,48
2023-03,Baltimore City,party_affiliation_changes_from,LIB,3
2023-03,Baltimore City,party_affiliation_changes_from,UNAF,75
2023-03,Baltimore City,party_affiliation_changes_from,OTH,49
2023-03,Baltimore County,address_changes,,4059
2023-03,Baltimore County,name_changes,,1761
2023-03,Baltimore County,confirmation_mailings,,7610
2023-03,Baltimore County,inactive,,29791
2023-03,Baltimore County,party_affiliation_changes_from,DEM,245
2023-03,Baltimore County,party_affiliation_changes_from,REP,113
2023-03,Baltimore County,party_affiliation_changes_from,LIB,7
2023-03,Baltimore County,party_affiliation_changes_from,UNAF,106
2023-03,Baltimore County,party_affiliation_changes_from,OTH,62
2023-03,Calvert,address_changes,,332
2023-03,Calvert,name_changes,,123
2023-03,Calvert,confirmation_mailings,,429
2023-03,Calvert,inactive,,4973
2023-03,Calvert,party_affiliation_changes_from,DEM,17
2023-03,Calvert,party_affiliation_changes_from,REP,16
2023-03,Calvert,party_affiliation_changes_from,LIB,1
2023-03,Calvert,party_affiliation_changes_from,UNAF,14
2023-03,Calvert,party_affiliation_changes_from,OTH,4
2023-03,Caroline,address_changes,,117
2023-03,Caroline,name_changes,,46
2023-03,Caroline,confirmation_mailings,,9
2023-03,Caroline,inactive,,1263
2023-03,Caroline,party_affiliation_changes_from,DEM,8
2023-03,Caroline,party_affiliation_changes_from,REP,9
2023-03,Caroline,party_affiliation_changes_from,LIB,0
2023-03,Caroline,party_affiliation_changes_from,UNAF,1
2023-03,Caroline,party_affiliation_changes_from,OTH,3
2023-03,Carroll,address_changes,,703
2023-03,Carroll,name_changes,,227
2023-03,Carroll,confirmation_mailings,,2698
2023-03,Carroll,inactive,,6033
2023-03,Carroll,party_affiliation_changes_from,DEM,44
2023-03,Carroll,party_affiliation_changes_from,REP,51
2023-03,Carroll,party_affiliation_changes_from,LIB,3
2023-03,Carroll,party_affiliation_changes_from,UNAF,36
2023-03,Carroll,party_affiliation_changes_from,OTH,13
2023-03,Cecil,address_changes,,491
2023-03,Cecil,name_changes,,185
2023-03,Cecil,confirmation_mailings,,335
2023-03,Cecil,inactive,,4826
2023-03,Cecil,party_affiliation_changes_from,DEM,30
2023-03,Cecil,party_affiliation_changes_from,REP,21
2023-03,Cecil,party_affiliation_changes_from,LIB,2
2023-03,Cecil,party_affiliation_changes_from,UNAF,14
2023-03,Cecil,party_affiliation_changes_from,OTH,11
2023-03,Charles,address_changes,,938
2023-03,Charles,name_changes,,367
2023-03,Charles,confirmation_mailings,,6158
2023-03,Charles,inactive,,8687
2023-03,Charles,party_affiliation_changes_from,DEM,59
2023-03,Charles,party_affiliation_changes_from,REP,20
2023-03,Charles,party_affiliation_changes_from,LIB,1
2023-03,Charles,party_affiliation_changes_from,UNAF,26
2023-03,Charles,party_affiliation_changes_from,OTH,10
2023-03,Dorchester,address_changes,,231
2023-03,Dorchester,name_changes,,45
2023-03,Dorchester,confirmation_mailings,,84
2023-03,Dorchester,inactive,,927
2023-03,Dorchester,party_affiliation_changes_from,DEM,7
2023-03,Dorchester,party_affiliation_changes_from,REP,1
2023-03,Dorchester,party_affiliation_changes_from,LIB,0
2023-03,Dorchester,party_affiliation_changes_from,UNAF,7
2023-03,Dorchester,party_affiliation_changes_from,OTH,1
2023-03,Frederick,address_changes,,1370
2023-03,Frederick,name_changes,,527
2023-03,Frederick,confirmation_mailings,,408
2023-03,Frederick,inactive,,13101
2023-03,Frederick,party_affiliation_changes_from,DEM,78
2023-03,Frederick,party_affiliation_changes_from,REP,50
2023-03,Frederick,party_affiliation_changes_from,LIB,8
2023-03,Frederick,party_affiliation_changes_from,UNAF,56
2023-03,Frederick,party_affiliation_changes_from,OTH,5
2023-03,Garrett,address_changes,,67
2023-03,Garrett,name_changes,,42
2023-03,Garrett,confirmation_mailings,,3
2023-03,Garrett,inactive,,960
2023-03,Garrett,party_affiliation_changes_from,DEM,4
2023-03,Garrett,party_affiliation_changes_from,REP,6
2023-03,Garrett,party_affiliation_changes_from,LIB,0
2023-03,Garrett,party_affiliation_changes_from,UNAF,6
2023-03,Garrett,party_affiliation_changes_from,OTH,2
2023-03,Harford,address_changes,,1254
2023-03,Harford,name_changes,,385
2023-03,Harford,confirmation_mailings,,3260
2023-03,Harford,inactive,,10999
2023-03,Harford,party_affiliation_changes_from,DEM,72
2023-03,Harford,party_affiliation_changes_from,REP,48
2023-03,Harford,party_affiliation_changes_from,LIB,5
2023-03,Harford,party_affiliation_changes_from,UNAF,46
2023-03,Harford,party_affiliation_changes_from,OTH,18
2023-03,Howard,address_changes,,1548
2023-03,Howard,name_changes,,566
2023-03,Howard,confirmation_mailings,,1060
2023-03,Howard,inactive,,13012
2023-03,Howard,party_affiliation_changes_from,DEM,96
2023-03,Howard,party_affiliation_changes_from,REP,57
2023-03,Howard,party_affiliation_changes_from,LIB,1
2023-03,Howard,party_affiliation_changes_from,UNAF,58
2023-03,Howard,party_affiliation_changes_from,OTH,18
2023-03,Kent,address_changes,,100
2023-03,Kent,name_changes,,20
2023-03,Kent,confirmation_mailings,,72
2023-03,Kent,inactive,,701
2023-03,Kent,party_affiliation_changes_from,DEM,6
2023-03,Kent,party_affiliation_changes_from,REP,3
2023-03,Kent,party_affiliation_changes_from,LIB,1
2023-03,Kent,party_affiliation_changes_from,UNAF,0
2023-03,Kent,party_affiliation_changes_from,OTH,3
2023-03,Montgomery,address_changes,,4459
2023-03,Montgomery,name_changes,,2220
2023-03,Montgomery,confirmation_mailings,,6653
2023-03,Montgomery,inactive,,60872
2023-03,Montgomery,party_affiliation_changes_from,DEM,320
2023-03,Montgomery,party_affiliation_changes_from,REP,124
2023-03,Montgomery,party_affiliation_changes_from,LIB,7
2023-03,Montgomery,party_affiliation_changes_from,UNAF,176
2023-03,Montgomery,party_affiliation_changes_from,OTH,32
2023-03,Prince George's,address_changes,,5993
2023-03,Prince George's,name_changes,,3346
2023-03,Prince George's,confirmation_mailings,,17959
2023-03,Prince George's,inactive,,37733
2023-03,Prince George's,party_affiliation_changes_from,DEM,559
2023-03,Prince George's,party_affiliation_changes_from,REP,99
2023-03,Prince George's,party_affiliation_changes_from,LIB,12
2023-03,Prince George's,party_affiliation_changes_from,UNAF,158
2023-03,Prince George's,party_affiliation_changes_from,OTH,75
2023-03,Queen Anne's,address_changes,,239
2023-03,Queen Anne's,name_changes,,69
2023-03,Queen Anne's,confirmation_mailings,,8
2023-03,Queen Anne's,inactive,,1846
2023-03,Queen Anne's,party_affiliation_changes_from,DEM,14
2023-03,Queen Anne's,party_affiliation_changes_from,REP,14
2023-03,Queen Anne's,party_affiliation_changes_from,LIB,2
2023-03,Queen Anne's,party_affiliation_changes_from,UNAF,4
2023-03,Queen Anne's,party_affiliation_changes_from,OTH,4
2023-03,St. Mary's,address_changes,,421
2023-03,St. Mary's,name_changes,,171
2023-03,St. Mary's,confirmation_mailings,,626
2023-03,St. Mary's,inactive,,6883
2023-03,St. Mary's,party_affiliation_changes_from,DEM,35
2023-03,St. Mary's,party_affiliation_changes_from,REP,20
2023-03,St. Mary's,party_affiliation_changes_from,LIB,0
2023-03,St. Mary's,party_affiliation_changes_from,UNAF,26
2023-03,St. Mary's,party_affiliation_changes_from,OTH,3
2023-03,Somerset,address_changes,,77
2023-03,Somerset,name_changes,,28
2023-03,Somerset,confirmation_mailings,,51
2023-03,Somerset,inactive,,442
2023-03,Somerset,party_affiliation_changes_from,DEM,5
2023-03,Somerset,party_affiliation_changes_from,REP,3
2023-03,Somerset,party_affiliation_changes_from,LIB,0
2023-03,Somerset,party_affiliation_changes_from,UNAF,3
2023-03,Somerset,party_affiliation_changes_from,OTH,0
2023-03,Talbot,address_changes,,162
2023-03,Talbot,name_changes,,69
2023-03,Talbot,confirmation_mailings,,234
2023-03,Talbot,inactive,,1321
2023-03,Talbot,party_affiliation_changes_from,DEM,12
2023-03,Talbot,party_affiliation_changes_from,REP,7
2023-03,Talbot,party_affiliation_changes_from,LIB,1
2023-03,Talbot,party_affiliation_changes_from,UNAF,5
2023-03,Talbot,party_affiliation_changes_from,OTH,0
2023-03,Washington,address_changes,,580
2023-03,Washington,name_changes,,248
2023-03,Washington,confirmation_mailings,,1238
2023-03,Washington,inactive,,9803
2023-03,Washington,party_affiliation_changes_from,DEM,43
2023-03,Washington,party_affiliation_changes_from,REP,33
2023-03,Washington,party_affiliation_changes_from,LIB,3
2023-03,Washington,party_affiliation_changes_from,UNAF,34
2023-03,Washington,party_affiliation_changes_from,OTH,14
2023-03,Wicomico,address_changes,,394
2023-03,Wicomico,name_changes,,165
2023-03,Wicomico,confirmation_mailings,,767
2023-03,Wicomico,inactive,,3810
2023-03,Wicomico,party_affiliation_changes_from,DEM,22
2023-03,Wicomico,party_affiliation_changes_from,REP,16
2023-03,Wicomico,party_affiliation_changes_from,LIB,2
2023-03,Wicomico,party_affiliation_changes_from,UNAF,20
2023-03,Wicomico,party_affiliation_changes_from,OTH,9
2023-03,Worcester,address_changes,,392
2023-03,Worcester,name_changes,,94
2023-03,Worcester,confirmation_mailings,,413
2023-03,Worcester,inactive,,2602
2023-03,Worcester,party_affiliation_changes_from,DEM,12
2023-03,Worcester,party_affiliation_changes_from,REP,10
2023-03,Worcester,party_affiliation_changes_from,LIB,0
2023-03,Worcester,party_affiliation_changes_from,UNAF,14
2023-03,Worcester,party_affiliation_changes_from,OTH,2
