report_date,section,category,party,value
2022-02,new_registration,ABSENTEE BALLOT (FPCA),DEM,13
2022-02,new_registration,ABSENTEE BALLOT (FPCA),REP,7
2022-02,new_registration,ABSENTEE BALLOT (FPCA),GRN,0
2022-02,new_registration,ABSENTEE BALLOT (FPCA),LIB,0
2022-02,new_registration,ABSENTEE BALLOT (FPCA),WCP,0
2022-02,new_registration,ABSENTEE BALLOT (FPCA),UNAF,2
2022-02,new_registration,ABSENTEE BALLOT (FPCA),OTH,0
2022-02,new_registration,ABSENTEE BALLOT (FPCA),DUPS,2051
2022-02,removal,BOARD ACTION,DEM,1
2022-02,removal,BOARD ACTION,REP,0
2022-02,removal,BOARD ACTION,GRN,0
2022-02,removal,BOARD ACTION,LIB,0
2022-02,removal,BOARD ACTION,WCP,0
2022-02,removal,BOARD ACTION,UNAF,0
2022-02,removal,BOARD ACTION,OTH,0
2022-02,new_registration,BY MAIL,DEM,483
2022-02,new_registration,BY MAIL,REP,233
2022-02,new_registration,BY MAIL,GRN,0
2022-02,new_registration,BY MAIL,LIB,0
2022-02,new_registration,BY MAIL,WCP,0
2022-02,new_registration,BY MAIL,UNAF,44
2022-02,new_registration,BY MAIL,OTH,11
2022-02,new_registration,BY MAIL,DUPS,200
2022-02,removal,CONFIRMATION MAIL,DEM,7
2022-02,removal,CONFIRMATION MAIL,REP,2
2022-02,removal,CONFIRMATION MAIL,GRN,0
2022-02,removal,CONFIRMATION MAIL,LIB,0
2022-02,removal,CONFIRMATION MAIL,WCP,0
2022-02,removal,CONFIRMATION MAIL,UNAF,2
2022-02,removal,CONFIRMATION MAIL,OTH,0
2022-02,new_registration,DESIGNATED STATE AGENCIES,DEM,239
2022-02,new_registration,DESIGNATED STATE AGENCIES,REP,86
2022-02,new_registration,DESIGNATED STATE AGENCIES,GRN,1
2022-02,new_registration,DESIGNATED STATE AGENCIES,LIB,2
2022-02,new_registration,DESIGNATED STATE AGENCIES,WCP,2
2022-02,new_registration,DESIGNATED STATE AGENCIES,UNAF,171
2022-02,new_registration,DESIGNATED STATE AGENCIES,OTH,21
2022-02,new_registration,DESIGNATED STATE AGENCIES,DUPS,55
2022-02,removal,COUNTY TRANSFER - OUT,DEM,5368
2022-02,removal,COUNTY TRANSFER - OUT,REP,1892
2022-02,removal,COUNTY TRANSFER - OUT,GRN,17
2022-02,removal,COUNTY TRANSFER - OUT,LIB,39
2022-02,removal,COUNTY TRANSFER - OUT,WCP,11
2022-02,removal,COUNTY TRANSFER - OUT,UNAF,1927
2022-02,removal,COUNTY TRANSFER - OUT,OTH,104
2022-02,new_registration,ELDERLY / DISABLED / SOC SEC,DEM,117
2022-02,new_registration,ELDERLY / DISABLED / SOC SEC,REP,22
2022-02,new_registration,ELDERLY / DISABLED / SOC SEC,GRN,0
2022-02,new_registration,ELDERLY / DISABLED / SOC SEC,LIB,0
2022-02,new_registration,ELDERLY / DISABLED / SOC SEC,WCP,2
2022-02,new_registration,ELDERLY / DISABLED / SOC SEC,UNAF,63
2022-02,new_registration,ELDERLY / DISABLED / SOC SEC,OTH,10
2022-02,new_registration,ELDERLY / DISABLED / SOC SEC,DUPS,5
2022-02,removal,CRIMINAL CONVICTION,DEM,51
2022-02,removal,CRIMINAL CONVICTION,REP,1
2022-02,removal,CRIMINAL CONVICTION,GRN,0
2022-02,removal,CRIMINAL CONVICTION,LIB,1
2022-02,removal,CRIMINAL CONVICTION,WCP,0
2022-02,removal,CRIMINAL CONVICTION,UNAF,6
2022-02,removal,CRIMINAL CONVICTION,OTH,1
2022-02,new_registration,ERIC REPORT,DEM,1468
2022-02,new_registration,ERIC REPORT,REP,478
2022-02,new_registration,ERIC REPORT,GRN,4
2022-02,new_registration,ERIC REPORT,LIB,14
2022-02,new_registration,ERIC REPORT,WCP,1
2022-02,new_registration,ERIC REPORT,UNAF,614
2022-02,new_registration,ERIC REPORT,OTH,31
2022-02,new_registration,ERIC REPORT,DUPS,26
2022-02,removal,DEATH NOTICE,DEM,3719
2022-02,removal,DEATH NOTICE,REP,1897
2022-02,removal,DEATH NOTICE,GRN,2
2022-02,removal,DEATH NOTICE,LIB,8
2022-02,removal,DEATH NOTICE,WCP,0
2022-02,removal,DEATH NOTICE,UNAF,621
2022-02,removal,DEATH NOTICE,OTH,74
2022-02,new_registration,FROM ANOTHER BOARD,DEM,0
2022-02,new_registration,FROM ANOTHER BOARD,REP,0
2022-02,new_registration,FROM ANOTHER BOARD,GRN,0
2022-02,new_registration,FROM ANOTHER BOARD,LIB,0
2022-02,new_registration,FROM ANOTHER BOARD,WCP,0
2022-02,new_registration,FROM ANOTHER BOARD,UNAF,0
2022-02,new_registration,FROM ANOTHER BOARD,OTH,0
2022-02,new_registration,FROM ANOTHER BOARD,DUPS,0
2022-02,removal,DUPLICATE,DEM,132
2022-02,removal,DUPLICATE,REP,41
2022-02,removal,DUPLICATE,GRN,0
2022-02,removal,DUPLICATE,LIB,0
2022-02,removal,DUPLICATE,WCP,1
2022-02,removal,DUPLICATE,UNAF,31
2022-02,removal,DUPLICATE,OTH,3
2022-02,new_registration,PROVISIONAL BALLOT,DEM,0
2022-02,new_registration,PROVISIONAL BALLOT,REP,0
2022-02,new_registration,PROVISIONAL BALLOT,GRN,0
2022-02,new_registration,PROVISIONAL BALLOT,LIB,0
2022-02,new_registration,PROVISIONAL BALLOT,WCP,0
2022-02,new_registration,PROVISIONAL BALLOT,UNAF,0
2022-02,new_registration,PROVISIONAL BALLOT,OTH,0
2022-02,new_registration,PROVISIONAL BALLOT,DUPS,18
2022-02,removal,MAIL VERIFICATION (NVRA),DEM,3888
2022-02,removal,MAIL VERIFICATION (NVRA),REP,2382
2022-02,removal,MAIL VERIFICATION (NVRA),GRN,14
2022-02,removal,MAIL VERIFICATION (NVRA),LIB,61
2022-02,removal,MAIL VERIFICATION (NVRA),WCP,6
2022-02,removal,MAIL VERIFICATION (NVRA),UNAF,1931
2022-02,removal,MAIL VERIFICATION (NVRA),OTH,97
2022-02,new_registration,IN PERSON,DEM,11
2022-02,new_registration,IN PERSON,REP,8
2022-02,new_registration,IN PERSON,GRN,0
2022-02,new_registration,IN PERSON,LIB,0
2022-02,new_registration,IN PERSON,WCP,0
2022-02,new_registration,IN PERSON,UNAF,6
2022-02,new_registration,IN PERSON,OTH,0
2022-02,new_registration,IN PERSON,DUPS,8
2022-02,removal,MENTAL INCOMPETENCY,DEM,0
2022-02,removal,MENTAL INCOMPETENCY,REP,0
2022-02,removal,MENTAL INCOMPETENCY,GRN,0
2022-02,removal,MENTAL INCOMPETENCY,LIB,0
2022-02,removal,MENTAL INCOMPETENCY,WCP,0
2022-02,removal,MENTAL INCOMPETENCY,UNAF,0
2022-02,removal,MENTAL INCOMPETENCY,OTH,0
2022-02,new_registration,MOTOR VEHICLE ADMINISTRATION,DEM,8166
2022-02,new_registration,MOTOR VEHICLE ADMINISTRATION,REP,2927
2022-02,new_registration,MOTOR VEHICLE ADMINISTRATION,GRN,51
2022-02,new_registration,MOTOR VEHICLE ADMINISTRATION,LIB,141
2022-02,new_registration,MOTOR VEHICLE ADMINISTRATION,WCP,80
2022-02,new_registration,MOTOR VEHICLE ADMINISTRATION,UNAF,5714
2022-02,new_registration,MOTOR VEHICLE ADMINISTRATION,OTH,264
2022-02,new_registration,MOTOR VEHICLE ADMINISTRATION,DUPS,817
2022-02,removal,MOVED OUT OF STATE,DEM,337
2022-02,removal,MOVED OUT OF STATE,REP,307
2022-02,removal,MOVED OUT OF STATE,GRN,0
2022-02,removal,MOVED OUT OF STATE,LIB,7
2022-02,removal,MOVED OUT OF STATE,WCP,0
2022-02,removal,MOVED OUT OF STATE,UNAF,105
2022-02,removal,MOVED OUT OF STATE,OTH,9
2022-02,new_registration,NVRA BY MAIL,DEM,13
2022-02,new_registration,NVRA BY MAIL,REP,5
2022-02,new_registration,NVRA BY MAIL,GRN,0
2022-02,new_registration,NVRA BY MAIL,LIB,0
2022-02,new_registration,NVRA BY MAIL,WCP,0
2022-02,new_registration,NVRA BY MAIL,UNAF,7
2022-02,new_registration,NVRA BY MAIL,OTH,0
2022-02,new_registration,NVRA BY MAIL,DUPS,3
2022-02,removal,OTHER,DEM,99
2022-02,removal,OTHER,REP,18
2022-02,removal,OTHER,GRN,3
2022-02,removal,OTHER,LIB,0
2022-02,removal,OTHER,WCP,0
2022-02,removal,OTHER,UNAF,60
2022-02,removal,OTHER,OTH,7
2022-02,new_registration,ONLINE REGISTRATION,DEM,470
2022-02,new_registration,ONLINE REGISTRATION,REP,177
2022-02,new_registration,ONLINE REGISTRATION,GRN,2
2022-02,new_registration,ONLINE REGISTRATION,LIB,5
2022-02,new_registration,ONLINE REGISTRATION,WCP,2
2022-02,new_registration,ONLINE REGISTRATION,UNAF,158
2022-02,new_registration,ONLINE REGISTRATION,OTH,3
2022-02,new_registration,ONLINE REGISTRATION,DUPS,652
2022-02,removal,VOTER REQUEST,DEM,30
2022-02,removal,VOTER REQUEST,REP,17
2022-02,removal,VOTER REQUEST,GRN,2
2022-02,removal,VOTER REQUEST,LIB,0
2022-02,removal,VOTER REQUEST,WCP,0
2022-02,removal,VOTER REQUEST,UNAF,7
2022-02,removal,VOTER REQUEST,OTH,1
2022-02,new_registration,OTHER MEANS,DEM,132
2022-02,new_registration,OTHER MEANS,REP,15
2022-02,new_registration,OTHER MEANS,GRN,0
2022-02,new_registration,OTHER MEANS,LIB,1
2022-02,new_registration,OTHER MEANS,WCP,0
2022-02,new_registration,OTHER MEANS,UNAF,60
2022-02,new_registration,OTHER MEANS,OTH,12
2022-02,new_registration,OTHER MEANS,DUPS,152
2022-02,new_registration,RECRUITING,DEM,0
2022-02,new_registration,RECRUITING,REP,0
2022-02,new_registration,RECRUITING,GRN,0
2022-02,new_registration,RECRUITING,LIB,0
2022-02,new_registration,RECRUITING,WCP,0
2022-02,new_registration,RECRUITING,UNAF,0
2022-02,new_registration,RECRUITING,OTH,0
2022-02,new_registration,RECRUITING,DUPS,0
2022-02,new_registration,SAME DAY REGISTRATION,DEM,0
2022-02,new_registration,SAME DAY REGISTRATION,REP,0
2022-02,new_registration,SAME DAY REGISTRATION,GRN,0
2022-02,new_registration,SAME DAY REGISTRATION,LIB,0
2022-02,new_registration,SAME DAY REGISTRATION,WCP,0
2022-02,new_registration,SAME DAY REGISTRATION,UNAF,0
2022-02,new_registration,SAME DAY REGISTRATION,OTH,0
2022-02,new_registration,SAME DAY REGISTRATION,DUPS,0
2022-02,new_registration,SOCIAL SERVICES,DEM,0
2022-02,new_registration,SOCIAL SERVICES,REP,0
2022-02,new_registration,SOCIAL SERVICES,GRN,0
2022-02,new_registration,SOCIAL SERVICES,LIB,0
2022-02,new_registration,SOCIAL SERVICES,WCP,0
2022-02,new_registration,SOCIAL SERVICES,UNAF,0
2022-02,new_registration,SOCIAL SERVICES,OTH,0
2022-02,new_registration,SOCIAL SERVICES,DUPS,0
2022-02,new_registration,VOLUNTEER,DEM,9
2022-02,new_registration,VOLUNTEER,REP,0
2022-02,new_registration,VOLUNTEER,GRN,0
2022-02,new_registration,VOLUNTEER,LIB,0
2022-02,new_registration,VOLUNTEER,WCP,0
2022-02,new_registration,VOLUNTEER,UNAF,2
2022-02,new_registration,VOLUNTEER,OTH,0
2022-02,new_registration,VOLUNTEER,DUPS,1
